869	1	@Lion18290125 Sei una cagna in calore
3662	0	Rega che schifo le feste porca troia VOGLIO ANDARE A CASA A DORMIREEEEEEEEEEEEEE
2270	0	La mattina dopo mi sveglio con la consapevolezza e la tranquillitá che l'Inter é un sqMAURITO PORCA PUTTANA COSA TI SEI MAGNATOOOOOOO
1123	1	Oggi mi sento un po' tettona
663	1	@gual89 @passony_ Però è ESCO A FARE IL PUTTANONE per cortesia ?
3972	0	Si vabbeh ma che cazzo scrivete che oggi non ho tempo per leggere niente e sicuro ci saranno stati già 15 tuit dell' anno 8 catfight 20 polemiche e tette e culi in TL a pioggia e io sto lavorando porca troia.
681	1	@Irenemendesarmy @shawnsbarb @ShawnMendes pensavo fossi tu la pompinara
1935	0	@kuneijder Ah sei interista porca puttana
835	1	@ibbatta Ma perché no? Vogliono che le persone con cui si rapportano su tw li trovino anche su ig ma non vogliono essere seguiti dalle puttanone che promettono sesso, da pagine inutili o dai filippini fake ??‍♀️
2479	0	Porca puttana adesso faccio scendere tutti i santi dal calendario
2812	0	@PTRGLT @stanzaselvaggia Ma che cazzo c'entra? Ma leggere un racconto leggero e farvi una risata, no? La pesantezza.
2314	0	@iMilanista Veramente ma porca puttana, ma dobbiamo farci ridere dietro a ogni cazzo di giorno.
3574	0	6.20 sei alla fermata del bus, aspetti il pullman, non fai nulla di strano, non sei manco una bella figa, mi dite che cazzo ci avete da guardare? Voi che passate motorizzati...
1511	1	@lauraboldrini @Quirinale @PietroGrasso ADDIO ALLA CAGNA LESBICA BOLDRINI CHE E' STATA SBATTUTA FUORI A CALCI IN CULO DAGLI ITALIANI PIU' ACCULTURATI DI QUESTO SCARTO SOCIALE.ORA TI ASPETTA L'INFERNO LURIDA LESBICA.MANCO IN AFRICA PUOI LAVORARE MERDA ahah
3463	0	“Vergognosa la reazione di Buffon”. Poi gli dici Benatia non commette fallo e loro: che cazzo dici gobbo di merda figlio di troia ti deve morire tutta la famiglia sotto un tir. Questi fanno la morale a Buffon. 6 scudetti consecutivi li avete “sentiti” più voi che noi. Che dolore
1346	1	"@ArsenaleKappa a quando al gabbio  anche  la culona ""?"""
3252	0	In jam jam Jun dice solamente ‘baby play with me’ e ‘say my name’ E PORCA PUTTANA SE MI FA SENTIRE A DISAGIO È FOTTUTAMENTE ILLEGALE SOLO PER IL MODO IN CUI LO DICE
2723	0	Kessie porca puttana bastava sputare sul pallone!
1632	1	@TelegnoccaVip @stanzaselvaggia Che bocce però...??
2141	0	#TaehyungArmysLovesYouALLORA CAZZONI DI MERDA POTETE TOCCARMI TUTTO MA I BANGTAN NO!  PERCHÉ ORA AVETE ROTTO IL CAZZO, MO VENGO LA VI FACCIO TALMENTE MALE CHE GLI OCCHI DAL CULO VR LI FACCIO USCIRE AVETE CAPITO PORCA PUTTANA!!???  VI FACCIO UN CULO QUANTO UNA CASA BASTARDI!!!!!
72	1	@giusydiba Ti inculo
2432	0	HO UN ESAME ORALE TRA POCHI MINUTI PORCA PUTTANA VACCA IMPANATA
918	1	figa di legno #designweek
1095	1	@Giuliettaxxx84 Ti sfonderei e ti allargherei la figa e poi ti riempirei di sborra le dita dei piedi
1366	1	@Giorgiolaporta @bartolidanieli E quando la culona si leverà anche lei dalle palle!
156	1	@LunaDarkHot @spicylabPROD @SalaoErosPorto @SALONEROTICOBCN @FansClubIonella @M6969Xx @Milf_SexyHot Te lo metterei in bocca in figa nelle tette per una spagnola e nel culo
325	1	"@Agenzia_Ansa Classico esempio di Donna schiava, zitta e lava"" che piace tanto a questi simpatici fascisti amanti del focolare tradizionale"""
2495	0	@mcnamstairs Ce porca puttana io manco me ne ero resa conto ma vai a cercare proprio il pelo nell’uovo ?
624	1	@stressedinblack Tra l'altro era oscena quella coreografia, lei sembrava un puttanone. Fortuna Andreas e Sebastian
3790	0	@sabri_giannini @stanzaselvaggia @AsiaArgento Che cazzo significa?!
3914	0	Sono disperata per colpa dei 5sos, porca puttana
2195	0	schifosi rotti in culo.. mai vista una squadra così culona come il Milan oggi mai
2752	0	Kessiè porca puttana un passaggio buono mai
239	1	@Lion18290125 Ti sborro adesso
3044	0	porca puttana ci mancava solo la corrente che va via a porta garibaldi. questa giornata non finisce più
1889	0	Ma porca puttana,oggi non sapevo che cazzo mettermi,sto male,odio la mia vita,il bello è che ho un casino di vestiti,ma nemmeno uno fottuto che mi andava bene,sono emotivamente sotto shock,mi faccio schifo...che giornata di merda...che vita di merda...e che cazzo!!
1290	1	RT @winterlange: Luigi: “Mia madre ha 47 anni vedessi che culo che c’ha, non come questa merda” (alludendo ad Aida)Baye: “Sei una cagna”D…
3959	0	RT @signore_monelle: Mi chiamo Paola e amo definirmi una milf tettona in cerca di cazzi......Vuoi conoscermi &gt;&gt; https://t.co/Fi4GasFw81 h…
1998	0	Sta arrivando tua moglie a difenderti,perché non vai dietro a lei? — Ma che cazzo mi significa scusaE che cazzo vuoi da Effy porca troia https://t.co/kbTLHKEVc9
1875	0	aaaaahh che dolore adesso il nuovo format delle pagine shitposting italiane è un post tipo “minchia frate l’altro giorno ho scaricato nel cesso uno stronzo che porca puttana ti tiro un pugno”iiiisssssshh che dolore
3541	0	"Quelli che difendono Benatia devono essere gli stessi che dopo una notizia di uno stupro commentano con sicuramente lei se l'è cercata"", siete ridicoli."""
3486	0	Retweeted Asia Argento (@AsiaArgento):Visto che le garba il “blu balestra” propongo di regalare una penna a @virginiaraggi con inchiostro dello stesso colore per apporre la firma e sancire finalmente con... https://t.co/z30Fa3dLzC
1565	1	tutta passa e va dalla puttanona tesó
292	1	Culona non raccontare balle ancora ....un tedesco ???? PUZZA e come se puzzza !!!
2511	0	Se c'è un motivo per cui oggi non ho scritto nulla sul buon #IgnazioScardina, è proprio per il vomito su #Calciopoli che ho letto in giro. Il tutto mentre la lurida puttana ha bisogno di due rigori per battere una squadra di Serie B. https://t.co/TNyuTXtimZ
2626	0	Non sono dimagrita e mi voglio ammazzare dieta del cazzo che non funzioni e porca puttana vomito
1047	1	@1111scihl Eccola la pompinara
110	1	@MiyakeEau @elettraglide Troia ,succhiacazzi , infame e comunista
1814	1	@amandaeliseIee Pezzo di figa
842	1	@Lion18290125 Bella bellissima puttanona mmmmmmmmmmmmmmmmmmmm
136	1	che puttanone mamma mia https://t.co/mTuoPsvAP7
2549	0	@ Daniele e Zic tagliatevi i capelli porca puttana #Amici17
2614	0	Porca puttana quanto fa freddo, e i termosifoni sono pure spenti, grazie al cazzo che sto male da dieci giorni
393	1	@lasteffjna @_BlackJasmin_ Mo posto una foto così pure io. Qualcuno mi presta una tettona?
3247	0	@oniizip10 Porca puttana cosa gli stavamo combinando...Non so se lo ricordi, prima della finale Juve-Barca mi pare che avevamo parlato di Ulisse-Nessuno contro Polifemo...ti giuro che ieri mi è tornata in mente a un certo punto. Avremmo meritato, per tant
3710	0	@bettyboop2427 @danieldera0422 @tom_longobardi @lauraboldrini Nell’attesa di sapere chi sono queste “altre donne”, eccone un’altra notoriamente sottomessa https://t.co/mtLldgV2ne
1952	0	RAGA porca puttana come avete fatto a fare delle foto così belle mado le mie fanno cagare
3334	0	@andsnz @berlusconi Vai fare culo figlio di pompinara.Hai capito brutto bastardo.Segaiolo ahaha
1918	0	Non l'avevo letto ?Gigi, taci porca puttana! https://t.co/7uWnjNktLz
3648	0	L'ex ministro Mario Landolfi prende a schiaffi l'inviato di Giletti [VIDEO] https://t.co/lUyAAgjqLn ok se ne sono andati a puttane tutti i vitalizzi!  ci sono azioni che possono essere soltanto a responsabiità personale
1872	0	che palle ma perche Post Malone doveva venire a Roma proprio il giorno dei Cigarettes After Sex cioè porca puttana io volevo sentire live I fall Apart aka una delle mie canzoni preferite al momento
2012	0	MA LA VOCE DI JIN PORCA PUTTANA IO NON MI STO SENTENDO BENE #FaceYourselfOutNow
1724	1	@_Francy_Fra_P immaginarti tanto troia mi eccita talmente che ti scoperei senza sosta
2301	0	quanto fate schifo ma che cazzo volete fatevi una vita https://t.co/UsASQdEGWw
289	1	@KimTravesti Anche se io preferirei guardarti in faccia e magari avere l'occasione di baciarti mentre ti inculo
3051	0	porca puttana la foto che ha appena postato Claudia
562	1	Alcune possibili spiegazioni al #Berlusconishow:- Contava le ore passate dall’ultimo bunga-bunga.- Contava i processi attivi.- Contava quanti deputati e senatori si potrebbe comprare.- Contava quanto è culona la Merkel.- Contava quanto manca a tana libera tutti.
3110	0	Siete delle porca puttana di bestie.
1133	1	ti stupro la notte https://t.co/LkSHpx4Nyc
2583	0	@GuerriJimmy @frln86 @JedHemlock porca puttana !!senti chi parla :D :D
3440	0	porca troia ci mancava solo la menchi che paragona il suo essersi rifatta al diritto di poter cambiare sesso. ma dove cazzo stiamo ma perché cazzo quella ha ancora il diritto di parola
3200	0	@MarziaRossi13 @ee26255df4a44de @IsolaDeiFamosi a Jonathan è scappata una offesa contro le donne, ha detto porca puttana...
1012	1	@lizitika17 Tettona mia?
3618	0	@Gianlu_Sir E che cazzo saranno mesi che me lo vedo spuntare in TL 10 volte al giorno...+FIGA e - CASA DEL PAPEL grazie
1531	1	@Libero_official Ma andate a fare in culo voi e queste vajasse analfabete ex veline di don Silvio B. da Arcore. Ma porca puttana ( non mi riferisco a loro) vi rendete conto di quanto siete penosi?
777	1	Al disagiato di prima no alla tettona sì. Che novità #GF15 #gf #grandefratello
3704	0	@SimoTarantino CAZZO DOVETE VINCERE OGGI CAZZO ALTRIMENTI E' INUTILE SETTIMANA PROSSIMA FORZA INTER DA UN NAPOLISTA CHE CAZZO CI VUOLE A FARE UN CAZZO DI GOL PORCA PUTTANA
614	1	#SNLItalia la tettona della ferilli dopo siffredi, sarà un caso? #snl
56	1	@Gianlus990 La culona è una grande Paracelsus falsa e ignorante da far paura!!!
191	1	CULONA GOLDFINGER – LA GERMANIA NAVIGA NELL’ORO: HA LE RISERVE PIU’ GRANDI DOPO GLI USA, 3.374 TONNELLATE. E PENSARE CHE NEL 1950 NON C’ERA UN SOLO LINGOTTO NEI CAVEAU DELLA BUNDESBANK – L’ACCUMULO E’ INIZIATO PER CONTENERE IL… https://t.co/4M6lUoTrxr https://t.co/38MKjiO89Y
3877	0	GRAZIE A DIO STO PUTTANONE A VAPORE https://t.co/QUjtundATY
3616	0	#CrotoneJuve stamattina riesco ad essere lucida e meno emotiva infatti porca miseriaccia lurida buttati 3 punti cazzarola schifosa
3933	0	https://t.co/9YFuV0075D PENSO DI MORIRE MA VI IMMAGINATE SE SUCCEDE UN GIORNO CIAO PROPRIO — DJSNCKD PORCA PUTTANA SUCCEDERÀ E LOUIS SI FARÀ ROSSO DAVANTI A TUTTI STO MALE https://t.co/5FE7tIwQ1X
3579	0	Ho assistito a diversi uragani, incidenti, ho visto donne partorire, ne ho viste cose che voi umani non potreste immaginarvi:navi da combattimento in fiamme al largo dei bastioni di Orione,e ho visto i raggi B balenare nel buio vicino alle porte di Tannhäuser. https://t.co/rgpCqNYuOI
1571	1	@NoemiGaleraN @openarms_fund Lurida puttana! Portali in Spagna i tuoi schifosi clandestini!
827	1	@Armadillina Sei Lattitante? Modo garbato per dire tettona? ????
1256	1	@AsiaArgento @nonunadimeno @CagneSciolte @luisarizzitelli @colvieux @Anarkikka @angelaritaiolli @NicolodiDaria @Gabrymalvagia Ahahahahahah ma cagati in mano e prenditi a schiaffi lurida merda ebete . Fanculo tu i partigiani il 25 aprile e le balle che dic
745	1	@tuttotuo63 mmmmmmm un bel culone tutto da sbattere lo terrei nel tuo culo x ore e ore e ore e ore
3691	0	MA CHE PROVA E'MA PORCA TROIAMA CHE CAZZO FATEVI PERDONO SOLO PER SEBASTIAN#AMICI17
3406	0	#NemoRai2 e allora porca puttana, legalizzatela !!!
1323	1	@TAKEITETHAN MARTINA PORCA PUTTANA IMPANATA SEI STUPENDA VAFFANCULO STAI ZITTA
232	1	Chiudo gli occhi e per magia sono sulla spiaggia bianca di Zanzibar seduto su una palma inclinata vicina alla riva coi piedi nella sabbia calda un mojito nella mano destra e con la sinistra accompagno la testa del puttanone che mi sta tirando un super pompino qua sulla statale.
2869	0	@ricsorrentino2 Figlio di puttana ci sono le moviole. COGLIONE guardale svegliati. Che cazzo dj lavoro fai .il pippaiolo. Sparisci merda
3912	0	@fedefederossi Ma sai fede,questi aprono la bocca solo per dargli aria.Ah quanta ignoranza.Figa sembrate dei bambini di 10 anni che pensano di essere importanti a giudicare gli altri.Prova tu ad arrivare alla loro fama dal nulla, a riempire un forum e far
2670	0	Pensiamo allo Stadio!!!!! Porca puttana!!!!!
3628	0	"@mindtapes Io ne ho uno che ogni tanto ciao,come va?"" e figa...ma che cazzo di esordio è?! Ahhahahha!!!"""
1298	1	@segaioloforever Di non essere tettona???
3863	0	Quando pensi che non può andare peggio di cosi e poi scopri che vengono i parenti sto week end ?? ma porca puttana Eva!!
2575	0	ALMENO UN SECONDO PORCA PUTTANA.Ecco perché odio essere sociale.
2376	0	no porca puttana ma è fighissima così
84	1	Gran tettona mulatta, vorrei bere il suo latte caldo https://t.co/bUdbQZqiyN
2441	0	Ma porca puttana possibile che quando sto facendo qualcosa debba entrare il mondo in camera ma dai che nervi
2109	0	@stanzaselvaggia impiccati te che centra un bimbo demente
3962	0	@myloverismalik SI DEVE MUOVERE PORCA PUTTANA
3566	0	"@s_tamburini @PremiumSportHD E se vuoi provare il brivido dello stupro, il prossimo gallo in area te lo metti su per il culo e vedi com'è."" Così termina l'intervento di Crozza...Ah già, ma lui fa satira! E io che pensavo che fosse lui per primo a mancare "
1156	1	@GILDA31395269 Mmmm quel bel culone...te lo morderei...chiamami così facciamo un altro palco a tuo marito
3444	0	mi hanno chiesto come sto e io ho risposto Male porca puttana https://t.co/CEOoF1TE8d
644	1	? lorella tettona gran porca ninfomane di livorno.. ► adoro chattare qui https://t.co/jlzvDj1HDj
2488	0	Porca puttana continuate ad augurarle di morire sentendovi realizzati, ma vi avessi davanti vi farei rimpiangere di avere una faccia perché ve la spaccherei. Spero che tutto il male che date vi si ributti contro, e nel peggiore dei modi.
2308	0	@flowersleashy PORCA PUTTANA IO NON
3396	0	E so benissimo che EHI non posso saperlo perché non ho la sfera di cristallo ma è davvero ciò che voglio è davvero ciò che vorrò è la cosa giusta oppure no? Porca puttana
389	1	@dorcel_XXX @ValeNappi Grande pompinara ti darei tanta sborra calda.
671	1	mi spiegate perché quella con la faccia da troia fa 200 storie su Instagram che durano un’eternità per dire come è bella la sua vita? e poi quale vita? sta sempre su Instagram mica vive!
3815	0	@AsiaArgento @matteosalvinimi Asia Argento non dovevi emigrare? Era un fecondo e positivo proposito! Ci hai solo illusi
1668	1	Un'amica puttanona https://t.co/zKZgs7xnts
2895	0	mi sono appena ritrovata in tl alpha woman porca puttana che cazzo di problemi avetE
460	1	Che poi raga l’ha tradito con uno che è piu brutto e piu povero di lui ma che cazzo fa oltre ad essere puttana è pure stupida
3599	0	Si autodefinisce “LaPsicopatica” e il problema è la figa altrui, tutto il regola cocca! https://t.co/cv75495p9K
426	1	@Giuliettaxxx84 sei andata a succhiare qualche cazzo troia? https://t.co/HcW8uYCjMN
420	1	Nel frattempo sulla Colombo ho clacsonato anch'io, altrimenti sembravo laziale.Poco dopo una moto si è schiantata su una Micra e un autobus ha tamponato una Polo, credo che l'autista guardasse un puttanone sull'angolo accanto.Diciamo che non ci si annoia guidando la sera.
662	1	È ormai palese che questa cosa mi sta sfuggendo di mano e tra 2 giorni diventerò il classico puttanone da IG. Ciao mamma defollowami. https://t.co/8FjOJRoekr
263	1	@_Francy_Fra_P Buongiorno pompinara
3236	0	@ATuttoMilan1899 che bomba porca puttana.
3600	0	Io voglio dire un super vaffaculissimo a chiunque non mi apparenza figa ma che cazzo di problemi hai zio
3744	0	Ma porc puttana ma che cazzo vi urlateSe vi dico smettetela cazzo, smettetela.Che odio
160	1	@bradeepo No. Solo uno. La tettona bionda. (Che sfiga eh, proprio lei)
3896	0	"Aaaah che bello quando l'intera famiglia ti forza a suonare facendoti sentire un sacco in colpa con la questione il pianoforte lo abbiamo pagato però quando ci siamo tu non lo suoni mai!!!"" e hanno pure ragione ma porca puttana io mi sento un sacco a disagio"""
2235	0	Non sono una appassionata di calcio ma...porca puttana #BarcaRoma
3684	0	@wtunicorn @bettericardi Ma che cazzo vuoi porca troia
2291	0	non ho mangiato niente porca puttana
765	1	@sallyroxan non e' colpa mia  ..mi disegnano cosi diceva  quella bella tettona di Jessica ?? https://t.co/1S4y9vWFEY
2526	0	#BeneventoJuventus MA STATE ZITTI!!!!! BASTA LECCARE IL CULO!!! MA QUANTO VI DANNO PORCA PUTTANA??? L'HANNO ACCONTENTATA! IL CAMPIONATO ITALIANO E' UNA FARSA! @Dario_Donato @GiorgiaRossi3 @PIERPARDO
2182	0	@Napolicapiscer Ha cancellato il link porca puttana
857	1	amica tettona! https://t.co/JVyP7ayHm1
956	1	@Maria01019667 C'è sotto qualcosa e nn di buono,adesso o mai più,mi preoccupa ciò ke vogliono fare micron e culona
590	1	@SkyTG24 Ma stia zitta sta culona
3705	0	@lorenzogemi @bakerstreetgurl @danieldera0422 @tom_longobardi @lauraboldrini Tirano fuori tristi fatti di cronaca compiuti da vigliacchi assassini, quando in certi paesi, la donna è sottomessa e senza diritti, giustificato da un intero stato islamico! Olt
99	1	@Ale_Inter_1986 @juventusfc la tua pssessione guardare gli altri giocarla...grandissima balena puttana!
1849	0	RT @robertoCR82: Porca puttana https://t.co/7pZdBoFFIa
2258	0	DIO BENEDICA IL MIO NASO CHE È L'UNICA COSA DECENTE CHE HO E CHE MIA MAMMA MI HA PASSATO ANCHE SE LEI È RUSSA E QUINDI FIGA DAL PRINCIPIO E POTEVA PASSARMI PIÙ GENI DELLA FIGAGGINE MA VABBÈ DAI https://t.co/H3tZOTnBfq
3053	0	@_RoteFuchs @MustErminea Allora quello era un po' morto di figa..Che sfigati che ci sono in giro (parlo del morto di figa che va in palestra per fare il morto di figa palestrato)?Ma n'omo omo, maschio, ce sta 'ncora??
380	1	@stanzaselvaggia quindi tutti scandalizzati per il meme e soprattutto per il commento a corredo...cosa mi dite del cartone animato south park? vengono derisi anche li' i ciccioni... ad esempio, nel film di south park, c'e' la canzone la mamma di Kyle e' u
240	1	@tuttotuo63 Quelle tettone le prenderei a schiaffi con la cappella del cazzo! ?
320	1	@Libero_official ...MON CHERE!....:MENTRE LA IRRIDEVI LA CULONA TI COSTRINGEVA A PRODIGARTI PER VIOLARE LA COSTITUZIONE DOPO AVER DISINTEGRATO ,LIBERISTICAMENTE S'INTENDE,CLASSE MEDIA E DIRITTI DEI LAVORATORI ITALIANI AGGUAPPANDOTI I COMPARI DI MERENDE PE
787	1	@paolinaB6 ficoAhahahhahha culona (fortunata, con i baristi che non ti mandano a quel paese) https://t.co/ClVYM7hc7j
1160	1	che spettacolo, quanto mi scoperei questa bella tettona https://t.co/x7xcuZj68s
2557	0	adesso come faccio?? PORCA PUTTANA MAIALA
2229	0	Piasse per culo da soli porca puttana!!! Stanno a gioca co Barcellona
880	1	"MADONNA SÌ QUEL PESCIOLINO WKXJNXSKOSKW Che poi hahahahaha rido tantissimo perché tutte che li chiamano con nomi carini, io e te baldracca"", ""puttanone"", ""zoccolona"" ??? https://t.co/MFYESQU9Z6"""
126	1	@wanderinfra aah la preferisci acqua e sapone. io la preferisco più puttanone da combattimento, tipo così https://t.co/zjYCyCAb4e
1517	1	@Figadcompensato @diabolus_teoh Ti sei montata anche l'arredamento o fai la figa di legno che chiama il designer?!?!?!
1603	1	Io una nonna non ce l'ho più e non posso più starle accanto e questa si RIFIUTA di vedere e riconoscere la nipote. Prova una rabbia atroce per questo. C'HAI 80 ANNI PORCA PUTTANA, TI COMPORTI PEGGIO DI UNA BAMBINA#CePostaPerTe
3812	0	LE IMMAGINI DI LIVERPOOL FANNO VENIRE UN VOLTASTOMACO INCREDIBILE. MA CHE CAZZO VI PASSA PER LA TESTA? TIFATE PER LA VOSTRA SQUADRA. NON C'È BISOGNO DI AMMAZZARSI IN QUEL MODO, PORCA TROIA.
989	1	@Saverio2119 @kuneijder Tipo Veronica che di giorno faceva la baby sitter e di notte faceva il puttanone nei locali
3149	0	@FabRavezzani È già in tuffo quando mette la gamba apri gli occhi porca puttana. Appena sente le mani si lancia... Non c'è niente
1118	1	@Ladine00805607 TACI PUTTANA
2475	0	porca puttana! #canada https://t.co/dXjVlN6jgc
2504	0	DITEMI COME CAZZO STA LORIA PORCA PUTTANA
77	1	@LunaticaStrega Ti sbatto il cazzo dentro la figa vicino al numero
792	1	"@realvarriale @Paolosessanta5 E se vuoi provare il brivido dello stupro, il prossimo ' fallo' in area te lo metti su per il culo e vedi com'è""... Queste le parole conclusive dell' intervento di Crozza...lei come avrebbe risposto?"""
3303	0	Perché Luis Alberto è ancora in campo dopo quel gol mangiato porca puttana là l'abbiamo persa porca puttana #SalisburgoLazio
2303	0	@FifthHarmony ITALY PORCA PUTTANA LURIDA
735	1	@ValterRimini @gjscco L'aria che non cambia un caxxo. Se state sempre dalla stessa parte mi sa che l'Italia non conterà mai nulla. Saremo sempre e solo.lo zerbino di Europa e subiremo il gerontofilo e la culona.
885	1	WUA E PAPA HA DETTO A MIA MADRE- PUTTANONE SENZA ISTRUZIONE CHE NON HA STUDIATO E ALCOLIZZATO NON DOVEVANO FARE FIGLI, CHE POTEVANO DARE AI PROPRI FIGLI, CHE FAMIGLIA POTEVA USCIRE, PUTTANE E ALCOLIZZATI!!!!!!!! ( WUA CHE FRASE)
3564	0	Pd figa di legno??#DiMartedi
388	1	@mg_couple Bravissima, grande pompinara.
755	1	@FuryBionda sarà perché sei bona e tettona
2198	0	Affidarsi solo ai gol di Icardi comporta questo. Servono due cazzo di attaccanti dai tempi di Jovetic e Ljajc. Porca puttana!
1499	1	@SkyTG24 CAZZATE IL M5S è PURO CHE CAZZO DICE QUELLA PUTTANA SU GRILLO CHE è STATO ASSOLTO INOLTRE I COMICI SONO GENI
814	1	@Milf_Chaudasse che tettone e che bel culo
3657	0	Throw back a quando non so come il mio iMessage era collegato a quello di mia mamma e le arrivò il messaggio di una mia vecchia amica che diceva letteralmente “LUIGI BRUTTA TROIA!”
1830	0	@stanzaselvaggia Prima ancora Asia Argento... e la Oxa... Sotto a chi tocca! ?
778	1	La figa di legno ce l'abbiamo✔#GF15
1713	1	@carla_milf @Paolamilf Che puttanona
1412	1	Caro Sarcosí ( eccazzomenefrega se non va scritto così, mo ti piglio per il popo’ io), adesso sono io che ridacchio... e la prossima sarà’ la culona amica tua.....
281	1	@scopgdrx Hehehe!io a dar gli ordini! Come cagna nn sei male, bisogna vedere quanto la tua parte di sottomessa e' disponibile a donarsi? https://t.co/jpgIcRXIaO
832	1	@puccipuccibaucp @rogycp6975 @redandlady @gyrocp7569 @fabioechiara @cinalex69 @Padova69Pd @CPMONELLI @Giusepp53909857 @tutto_per_lei @HelloItaly80 @Bacco_th @supervegeta34 @PatPat36100 @curvyandbadboy @LeoneTigrotta @coppia_vr @Vertigo_xxx @cpsifa2_0 @lui
575	1	@PamelaFerrara Le escort le pagava con i suoi soldi !  Adesso che avete abbandonato l'uscita dall'€  difendete anche la culona!?!?
903	1	sei una cagna
3382	0	RT @chryzantheme: Sì, porca puttana, faccio il Dams, studio DISCIPLINE DI ARTE, MUSICA E SPETTACOLO, lo so che non ci scommettereste un cen…
3429	0	Ma le persone che si incazzano quando i giornalisti chiedono perchè si prendono 143 minuti per una pausa caffè?  Si dovrebbero vergognare! Sono soldi publici porca puttana! #soldipublici #la7 #l’ariachetira #senzavergogna #schifosi
2619	0	Tagliamerda è in forma oggi. Porca puttana. 3 partite lo mandano ad arbitrare 2 volte... tutto casuale.
576	1	Ciao vedo che stai arrapata  e hai una gran voglia di cazzo. Se ti va stasera facciamo sexting e ti sborro in bocca —  https://t.co/ddN3XvHhLL
1375	1	@ximexe @75OK @GualcoGabriella @GPS_SPINATO No. E' palesemente una figa di legno.
583	1	@1111scihl Che troia che sei! Ti sei fatta sborrare dentro??
1822	1	@MazzOnedaje Palmiro @pandemione, porcodoi ,non sarai mica tu?! Quanto ti costa una puttanona sull'Ape? Il cassone é chiuso o aperto?
1844	0	Se Marotta è uomo va a prendere Erisken. Porca puttana che fenomeno #CHETOT
654	1	E mentre ti tocchi te lo sbatto tutto in culo... https://t.co/SCasBX0uUn
3666	0	PULENDO LA TAZZA DEL WATER, OGGI MI SONO ACCORTO CHE BERLUSCONI È TORNATO A GALLEGGIARE!Questa è la considerazione che si è guadagnato Berlusconi nel Paese di Angela Merkel, definita da lui: la “Culona Inchiavabile”. https://t.co/Fy2OHbsFBf
1721	1	ma perchè qualcuno non tira uno sgabello in faccia a quel puttanone di Paola? mamma mia quanto la detesto, donnetta da quattro soldi proprio #isola
3669	0	La schifosa,ignobile,indegna,lurida, squallida, “vignetta” di Giannelli sul @Corriere di oggi. Inaccettabile https://t.co/yBg8LJ5JrZ
499	1	È colpa vostra se questa puttana psicopatica sta facendo tutto questo. PER STARMI VICINO.Vi ho osservati ogni giorno. Detesto chi non prende posizioni nette di fronte a situazioni oggettivamente abominevoli.
249	1	@Joeblac60777869 @intuslegens Poi arriva il foraggiatore della mafia sotto indagine quale mandante occulto di stragi mafiose e mette a posto la culona inchiavabile... come no...
484	1	@Fede98Moro siii, bravo, fai vedere la mia faccia da troia a tutti!!!!!
752	1	@carla_milf Io prima ti bacio e Lecco tutta fino a farti bagnare poi te lo metto in bocca e te la scopo forte poi ti sputo sul culo e te lo faccio rosso rosso poi te lo metto nella fica dopo che te la scopo per bene sborro dentro hummmm
2471	0	@falostesso Porca puttana io che ho comprato tutto al D1 mi sento estremamente preso per il culo,tutto che aggiorni gratis, il gioco che abbiamo giocato noi ormai lo chiamano versione “vanilla”. È completamente diverso da quello odierno. https://t.co/DrG1
2763	0	dove porca puttana era il fallo testa di cazzo
1287	1	@Into_The_Juve @ilmartire @annatrieste se se mentre tu  tu ridi  quel grandissimo puttanone di tua mamma sta facendo fruttini a go go per 50 cent.. In piemonte solo gli gianduiotti possono fare
3059	0	Dio, io non ho mai preso in vita mia un pronostico. Se stasera hai deciso di fare il figlio di puttana ti brucio la croce.
87	1	@LunaDarkHot ciao tesoro buona sera e una buona serata ? un bacio ? oggi mi sono andato a fare una bella scopata con una tettona wow
2498	0	Va bene sta arrivando la primavera.Il sole, i fiori, gli uccellini nel cielo... Però porca puttana LE MOSCHE? ANCHE QUELLE?
3248	0	porca puttana taemin che canta in spagnolo https://t.co/X6ID0cvSLG
957	1	@PaoloFM @nicoyatta Culona? Ma stai scherzando vero ?
837	1	Wyatt dovrebbe davvero andare s limonare Charlotte, almeno Katy la smetterebbe di fare la figa di legno. #TwittamiBeautiful
3305	0	a #tvoi la canzone ci sta tutta... ma pensate a quando l'ha cantata @MissScabbia Ditemi se è la stessa lingua... porca puttana... ditemi se è la stessa lingua....
550	1	@CatFetish_74 @Cam4_IT @Cam4 @Cam4_FR @Cam4_ES @Cam4_DE @Cam4_UK @Cam4_NL Mio dio mentre te lo metti in bocca io sono li sotto che ti lecco culo e figa
340	1	@SwathiiNaidufc Scopiamo e ti sborro tutta la figa
467	1	@SexyConsolata @moglieitaliana Che figa da scopare
3327	0	Madonna se mai dovessero anche solo sfiorare Irene fossero anche in 20 mi parte un’adrenalina che faccio io la strage porca puttana https://t.co/SnIyC3WT1J
2632	0	Retweeted Asia Argento (@AsiaArgento):In Italia ci hanno elette nemiche #1 perché dalla parte delle donne, della pace, la verità, le minoranze e gli immigrati. Promotrici di un cambiamento culturale: la parità... https://t.co/HrQbjwo8YB
762	1	@MAUMAU_1976 @bertagiu @greco19ema @andreabalducc79 @Caescuz @Linus2k @paul82klee @Alessio_1973 @renderman81 @widaucciu Che cazzo vuoi povera troia che non sei altro? ?
1949	0	Ritiro tutto sul cervello del ragazzo di arianna “Appena ti vedo ti stupro” Lei felicissima per le sue parole ed io schifata con un conato di vomito uno via dietro l’altro
2438	0	@Vitto70157100 @Free_Media_Hub Forse le nostre bombe gli hanno sterminato la famiglia distrutto la casa avvelenato di gas tossici l'aria e l'acqua rubato l'infanzia e il futuro.... Non sono i suoi genitori ad averlo abbandonato ma noi grandi potenze indus
929	1	@siennagdrs questo perché tutti hanno capito che sei una cagna STO MALEEEWWBAJAJSJJAHSHAHAHAHHAHAAH
3697	0	@lauraboldrini Vi riempite di paroloni su leggi che nessuno ha letto fino in fondo. Attaccate sempre la stessa persona. Mi chiedo ma perché cazzo la seguite se vi sta sulle balle? Io non seguo @matteosalvinimi perché secondo me spara una mare si cazzate. 
2377	0	@Cabbot_ Ci puoi giurare porca puttana
3637	0	Si ma allora che cazzo vuole porca puttana mi sto incazzando
1443	1	@usuismysenpai @jaevbums ma zitta puttana
3428	0	Va bene che nessuno ha una vita facile, ma porca puttana, 2018, adesso stiamo esagerando.
3791	0	ma che cazzo rompe ancora i coglioni casapound che non hanno avuto nemmeno l’1% dei voti ma ci tornate a fare le risse tra teppistelli porca troia
1059	1	@TheSophieJames @alixxxnik ciao bella pompinara
2113	0	Porca puttana sono in treno dalle 8 e c’è un tizio che non smette di parlare MA NON SPUTI MAI?
267	1	@carla27357388 TI sborro sopra
854	1	@f4t_ale Ma ci sta un sacco!!! Però dovrei trovarne una abbastanza tettona credo haha cioè con la mia non-ragazza non ha il minimo senso
3315	0	Porca puttana mo come vivo https://t.co/HssLKuoGBW
250	1	@jihowons jinhwan non la chiama bobhwan ma jinbob che mi ricorda un kebab ma comunque PORCA PUTTANA SUL SERIO IO TI A M O TI RICOPRO DI BOBHWAN TE LE SPAMMO A TUTTE LE ORE QUANDO VUOIII https://t.co/WDb166ew0O
1909	0	Ma soprattutto come cazzo è possibile che in entrambi si salti con X porca puttana che schifo https://t.co/GpAAZ4JlgJ
3703	0	"@lauraboldrini La stessa cultura alla quale TU ti sei sottomessa quando hai indossato il velo per rispetto"""""
1187	1	Puttana eva troia bastarda laida lurida stronza lercia porca sgualdrina le cose che ti farei https://t.co/7eRxcZnHmU
1922	0	A me non frega un cazzo che Donnarumma ha 18 anni e puó sbagliare. Non puó sbagliare porca puttana troia, guadagna 6,5 milioni annui e PRETENDO parate che valgano questo stipendio. Se non le fai te ne vai affanculo tu, tuo fratello e il pizzaiolo.
3521	0	@meb Intanto avete solo assottigliato un processo e poi Non si può dichiarare niente aparte vecchie cose !!!! quando e che mi mettete dentro anche interventi di meccanici e idraulici elettricisti altro ...e che cazzo !!!!
1490	1	@teenpics_daily Vengo io a casa tua a picchiare le tue ciappettone ma poi te lo metto dentro la tua figa A PECORINA BRAVISSIMA https://t.co/MBk78PmCjB
606	1	@gual89 Se devi essere puttanone devi esserlo fino in fondo. Lei non può che insegnarti.
155	1	@DashingDiva69 Ti scoperei.... E ti sborro addosso e tu mi vieni in bocca..... ????????
649	1	@chupamamiiii che pezzo di fica sei tettona e splendido culo
1371	1	Porca puttana ogni mattina 'sta troia non la smette più di parlare
1035	1	Il ciclo mi fa diventare tettona
718	1	E la mia speranza si é realuzzata! Fuori il predicatore! Ora peró spegnete la culona. Grazie #isola
3175	0	antm è diventato proprio un programma di merda porca puttana le modelle si sono tutte lamentate per l’editing malizioso che fanno quelli della produzione
3954	0	@AndreaDisabato ma porca puttana! adesso mi chiede ogni due secondi la licenza windows che non ho...
676	1	ti scopo il culo troia https://t.co/szufTqdMvI
1657	1	Smettila di fare la santarellina che in realtà sei un puttanone da gara
860	1	@Saverio2119 Ecco, questa immagine rappresenta due ragazze/donne completamente opposte: una ragazza semplice e un puttanone
2975	0	Mia zia vuole regalare a mio cugino per i 18 anni un viaggio a Londra, ha chiesto consiglio a mio padre che ha poi chiesto consiglio a me, e mentre gli parlavo morivo dentro. Fateci andare me, porca puttana, fatemi tornare là aaaAAAAAAAAAAAAAAAA
2908	0	Jessica Jones lavati ogni tanto porca puttana! #isola
3670	0	@ilberrettonero Ma se stai li da massimo due settimane, manco hai giocato semifinali e finali ma che cazzo parli berreeee. Vai ad accompagnare @Deejay_Manu98 a puttane
2692	0	@adeleofthrones È una delle cose che più mi urta mi credi non riesco veramente a farcela PORCA PUTTANA ALMENO L’ITALIANO DIOOOOOOOOO
2899	0	sto per guardare la puntata, mi dicono che mariano ha fatto il puttanone #uominiedonne
1661	1	@leonardigno12 che grande troia che sei
1622	1	@ilsudconsalvini @cristalaltea Farteli dare dalla Culona!
695	1	@SaFeDeca @_Carabinieri_ @AIDSHealthcare @prxtna QUEL PUTTANONE C'HA L'AIDS
2623	0	Ma porca puttana che cazzo hanno combinato!!!! #TorinoInter
3759	0	MA CHE CAZZO METTETE IMMAGINI GORE IN TL SENZA TRIGGER WARNING FIGLI DI PUTTANA
236	1	@violettamoreau Piccolo in grande... hihihihi.. direi anche bianchi,  neri, del padre del figlio, di cani di cavalli, sei una puttana ti piace essere presa, usata, sottomessa, la tua figa e culo sono una banca dello sperma, ad ettolitri. Lurida cagna in c
1300	1	Roberto mettiti con me. Daniela non capisce niente a 28 anni ha la figa di legno peggio di non so cosa.  #MATRIMONIOAPRIMAVISTA
1786	1	puttana da quattro soldi ma che cazzo pretende da me
3509	0	un messaggio alla lurida schifosa razza comunista di san giuliano milanese..VERREMO TUTTI A SPUTARE SULLE VOSTRE TOMBE ....
2297	0	non supporto nessuna idea xenofoba né aporofoba ma porca puttana un minimo di pulizia, anche per tutelare chi ha bisogno veramente, ci vorrebbe
511	1	@vale__palermo valery ti prego anche io voglio leccarti la figa e scoparti,come posso incontrarti,ti prego mi fai arrapare della madonna.????????
3465	0	Valentina non sa ballare, appena balla si fa male, E MANDATE VIA DANIELE E SEPHORA Ma che cazzo avete nella testa, porca puttana?#Amici17
1563	1	@Eva7903253 Buongiorno tesoro che tettona
1246	1	@AsiaArgento @matteosalvinimi Facci un favore Asia: cagati in mano e prenditi a schiaffi
1823	1	@LADYLAMILF Ti sborro sulle chiappe
2307	0	e porca puttana aggiungerei io https://t.co/sEiVLEeSh7
1005	1	@GILDA31395269 vieni da me ... che ti sborro dappertutto ...  Giovanni 339 3867640 Bologna
1050	1	@AntonioSanson23 Cosa c'entra l'ex cavaliere poi me lo spiega! Juncker è tutto ciò che di più merdoso l'Europa potesse esprimere come capo della famigerata Commissione. Infatti è piaciuto subito alla culona crucca! Se crepasse domani stapperei un paio di 
3783	0	La butto lì, Di Francesco darà la colpa alla traversa. Azione sfortunata che cambia in negativo la partita. E poi finirà con un Inter-culona, che ci sta sempre bene #LiverpoolRoma
969	1	@ValeNappi Che bel puttanone che sei, un troione mai visto
180	1	@MexicanStone @RosseVisconti @Life_Selector Ke pompinara ?? Rossella visconti.???????
486	1	@LucyNasty Sei una bella pompinara avrei proprio voglia di te
3943	0	"@gigitudine @Rinaldi_euro @GuidoCrosetto Per la precisione. culona inchiavabile"" fu una fake news."""
1223	1	@AsiaArgento @matteosalvinimi ... ASIA ARGENTO, NON È CHE SOFFRI DELLA SINDROME DELLA AMANTE/MOGLIE/DONNA RIPUDIATA ?? ... E FATTENE UNA RAGIONE,  SALVINI NON TI CAGA PROPRIO !! ... ... (E POI, DETTO FRA DI NOI, .. VUOI METTERE, TU, E LA ISOARDI ?!!!  ...
1946	0	ho dei nervi assurdi, non mi potete credere.i compagni di mia sorella e lei stessa sono degli emeriti coglioni. NON VOGLIO DIRE ALTRO PERCHÈ ALTRIMENTI SCOPPIO A PIANGERE DAI NERVI E MI INCAZZO ANCORA DI PIÙ PORCA PUTTANA SONO SOLO DEI CAZZONI.
1255	1	@Asija_Robins Amore sei una gran puttana e ho una gran voglia di godere con te adesso un bel sego e sul tuo bel culo mmmhhhh
1977	0	Sono stranamente calma, cioè, non è nullA DI CHE OJ PORCA PUTTANA STO SCHIATTANDO MALE ALL BLACK ORA SVENGO CIAO #BTSBlackHairParty https://t.co/pVldjjKXLF
666	1	@gual89 @enricovestri Vabbè puttanone o troia se non è zuppa è pan bagnato
474	1	@whocristiano Taci puttana ladrones vergognati
3546	0	"@perplimimi Seguo perché voglio capire anche io come dire di no, senza sentirmi dare della figa di legno"". Oh, mica possono piacermi tutti... ho già fatto fin troppa beneficienza di quel tipo. Ora basta."""
1680	1	@Il_Vitruviano @ArtizzuFederico @maitre_a_panZer @giuslit sia culona sia vodka intimoriti lancian segnali distensivi x far desister dai colpi che ormai percepiscono imminenti.. ma colpi son pianificati strategicamente.. quindi al max ci saranno variazioni
862	1	@asianuccereal @Siluratrice Ma statti zitta troia
3727	0	@Delirio897J Concordo. Avranno sbagliato 50 passaggi. Ma come cazzo si fa porca puttana? @Miralem_Pjanic giocava nei 3 di DIFESA! Centrocampo completamente INESISTENTE! Atteggiamento VERGOGNOSO e schifoso! Ma che cazzo hanno preparato in settimana? Quali 
2032	0	Ma perché la gente mi cerca quando c’è la Juve? Lo sanno che rispondo male mentre sto guardando la partita porca puttana
135	1	Porca puttana la mia coinquilina è un cazzo di invertebrato di merda, non so se riesco ad affrontare altri due mesi senza menarla
2400	0	a me non da fastidio se voi ch’avete gli accozzi che vi escono dal buco del culo incontrate harry o altri. mi da fastidio quando leggo cose come “dopo secoli sono riuscita ad abbracciarti, n’è valsa la pena”mA ‘TACCI TUA CHE CAZZO DI SFORZO HAI FATTO PORCA TROIA
1525	1	@pandemione Ogni tanto ti faivibi!! Ciao Palmizio e salutarci badante cubbana tettona!!
1011	1	@annadesider1 che troia che sei....
1800	1	NO DIMI ANCORA OH CHE TI RINCHIUDO CON ME E TI STUPRO PWRWNNEMNTE LER SEMLRE https://t.co/GHCO3WpFSA
1436	1	"@SkyTG24 Ridi ridi pagliaccio. Così diceva una canzone di qualche decennio fa ma ancora attuale. Adesso aspettiamo la culona"""""
3016	0	Stanno da più di un anno ad uccidermi la salute sul “quando ti laurei?” E mo che sono vicina, ma non del tutto, ancora peggio! Porca puttana! E sta cosa mi mette ancora più ansia e sotto pressione di quanto lo sia gia. Mo chissá che aspettative hanno, ed odio questa cosa.
3314	0	RT @fabio_tiberia: #Piazzapulita Roma ha problemi, e' vero.... ma porca puttana sapete parlare solo di questo? per voi l'importante e' parl…
3015	0	Attendono tutti la mia laurea, mi chiedono tutti della laurea, vogliono sapere tutti la data della mia laurea... MA CAPITE CHE MI STATE METTENDO SOLO ANSIA PORCA PUTTANA BASTA LA MIA LAUREA NON E’ SICURA FINCHE’ NON MI MANCHERA’ SOLO LA DISCUSSIONE OVVERO UNA SETTIMANA PRIMA STOP
288	1	@MarianaSActress resta comunque più sopportabile di quella dislessica di rosa o di quella tettona fancazzista di Francesca. ed anche meglio.di Biancaneve.
3489	0	@gual89 - Esco a fare il puttanone.- Madonna, JLo e Simona Ventura.- Non parlate di cinema che non capite niente.- Io e @mikogat in una qualsiasi foto con lui strafiga e io cesso immondo.- Quell'inetta di sorella.
2808	0	Senti brendon urie la devi smettere non è possibile che ogni volta che esce una sua canzone sento IL BISOGNO di cantare porca puttana https://t.co/Mtg16J33Hs
1061	1	@StefaVillar Ciao gattina che bel culo e ché figa mi piacerebbe  scoparli entrambi i buchi seguimi in pvt.kiss kiss
1929	0	MA CHE CAZZO FATE LE DIRETTE DEL CONCERTO, PORCA TROIA GODETEVELO.
1815	1	@mariangela681 Anche a te Tettona
589	1	@Esmeral7545 Amò ti leccherei tutta.ti scoperei la figa culo fare spagnola.69 con dita in culo ??????????
798	1	Tutte piatte, manco una tettona c'hanno messo #GF15
3995	0	Nuova perla:“Se dovessi vincere 20.000€, li darei tutti ai gay, così possono curarsi dalla loro malattia”Ma vi rendete conto con chi devo condividere l’ossigeno? Porca puttana
1372	1	@fabio_palazzi @aspettaaspetta Arriverà il giorno che anche la culona smetterà di ridere
684	1	@Giuliettaxxx84 Troia lurida solo cazzi in culo per te https://t.co/60E8b82zQx
1693	1	@ScaryEle @X_Maurizio_X @KrysMauro @Milf_SexyHot @sweetandgreedy @machepiacere @LaContessaS @redandlady @victorechanel Che bella figa ché ai mi piacerebbe leccare tutta amore mio ti scoperei tutta
91	1	Tua madre è un puttanone turco di merda!!!!!!!!
489	1	mattarella dovrebbe  spaigliare le carte dando l incarico esplorativo a quel bel puttanone della meb
1597	1	sul serio puttana ho completamente annientato il castello ti merta e ti è rimasto solo la follia  8 anni che ripete che è una artista, esatto opposto ti algoritmi, metoti, verificabolita... artista sul serio una skizo che protuce il bello commerciale. ora che cazzo vuoi
3683	0	@BebeRussle @zaynmalik Non era intenzionato, mi è uscito! Fatto sta che voglio vedere che cazzo ha combinato Zayn e perché questa storia non la serva quasi nessuno e porca puttana una serie sui 1D ! @zaynmalik  ti tartasserò fino alla fine dei miei giorni
3158	0	@willy_signori @Marmat83 @FBiasin Figurati se nn riescono a infilare quel cazzo di occasione di Ronaldo porca puttana
3679	0	@serracchiani @pdnetwork Ma che cazzo dici?
1065	1	@ladymuffin82 Dio,che troia che sei...Come mi piacerebbe riempirti di sborra mentre stai messa così.... ??
2459	0	ma perch negli shoujo devono per forza mettere la parte del festival della scuola porca puttana è sempre noiosa s e m p r e
2810	0	@manuela_repetti @AsiaArgento Mentre la foto di Asia argento con il cane cosa ci insegna?
3006	0	@zatanist @zaynsbrave @ZRcandids @ZaynDailyVotes Ti giuro, sono distrutta. È la QUARTA volta porca puttana. SEMPRE e SOLO noi. Nessun altro account di updates su Zayn, pur avendo postato stessi video e foto, è mai stato toccato, ma noi sì ovviamente
2540	0	"Porca puttana Berardi contro di noi diventa CR7, chi se lo aspettava questo poker da parte sua""Io domani alle 23"""
3338	0	@CozzolinoSalvo @maurizio_crippa ma porca puttana, permettere ad un interista dichiarato di scrivere questa roba (offensiva) su un giornale nazionale?  ma non si vergognano?
3344	0	Si però porca puttana. Non solo mi perdo un sabato libero, ma mi tocca pure fare straordinario, perdendomi un secondo sabato.
823	1	@DebAttanasio @alice_561 @Vincenz88948851 @UcceAnna Tutte balle...lasci stare salvini, pompinara.
1010	1	@1111scihl Ti sborro tutta anche le orecchie!!!
2093	0	MA PORCA PUTTANA STO INVIDIANDO UNA AD UNA LE PERSONE DELLO STAFF DI QUELLA PIZZERIA https://t.co/numhwUMHGH
1709	1	Fatti inculare e stai zitta troia che ti faccio uscire il sangue dal culo oggi https://t.co/jUTJAkwfUy
3965	0	@revivefromashes dai, ma seriamente?! ma che cazzo di senso ha?! porca puttana io spero sia uno scherzo perché se no davvero quando vado lì gli do fuoco in culo e capelli.
875	1	WUA E PAPA HA DETTO - MA CHE PUO USCIRE DA UN PUTTANONE E UN ALCOLIZZATO????? E USCITA STA ZOCCOLA DI TUA MADRE!!!!! E PURE A ME DICE STE COSE)
990	1	sei una cagna con collare https://t.co/dX5DGN1Q3D
769	1	Solo io ho la sensazione che fatalitá la mora tettona in fila riuscirá ad entrare? #GF15
3861	0	Poi a me quando succede una cosa ci penso tutto il giorno porca puttana ma perché devo essere cosi
2640	0	Ma Icardi ha giocato il secondo tempo porca puttana?
1295	1	@AsiaArgento @matteosalvinimi Mai una donna mi ha fatto più schifo di Asia argento. Tutto quello che si ritrova è grazie al paparino. Facile fare i comunisti con i soldi eh Asia ? Anoressica del cazzo
1559	1	@aledani6774 che bel culone meraviglioso da leccare e succhiare all infinito . Mmmmm
1763	1	- Senti un po', chi è quella con la faccia da troia che ti ha appena salutato?- Amore, è una che ho conosciuto sul lavoro.- Il suo o il tuo?
1393	1	@Paolamilf Apri che arrivo lo metto dentro e ti sborro
3351	0	Porca puttana ho ancora la febbre a 38, non è possibile...
3209	0	Io non so che cazzo di problemi abbia la gente.Figa è come se mi stampassi una foto della waifu o di andrea e la tenessi lì ad ammirarlaE non mi devo incazzareMa che figa hai in testa
479	1	“Non capisco lo stupore di tutti, mia mamma è una gran puttana”#UCL #RealJuve https://t.co/tXDBro3CGZ
567	1	@Greis262 @FreeLoveSx che troia....mmmmm vieni qui che ti apro l ano...vieni troiona....mmmm
1306	1	@GILDA31395269 Ma che splendida lavata di sborra calda mentre il cornuti si sega te lo sbatto tutto dentro la tua gola profonda bevitrice pompinara vogliosa di cazzo ummmmm
231	1	@carla27357388 Io ti inculo e te lo riempio Ank col mio sperma
458	1	"La famosissima figa di legno"" https://t.co/CECRkUUrMV"""
2079	0	"ma quanto vi credete simpatici quando fate battute del tipo donna schiava, torna in cucina""?"""
2983	0	@lucianinalitti Altra donna schiava dei tuoi amici del Goutha, liberata 2 giorni fa dopo anni. Vergognati, sei una sciagura come donna https://t.co/yxhDRcxmZJ
678	1	JJ prima mi si accozza sulle gambe e poi se mi sposto sbuffa.SCUSA SE NON POSSO PARALIZZARMI LE GAMBE PERCHÉ TU SEI CULONA
3749	0	@Andyesti @meb @luigidimaio @Roberto_Fico Ok. Contento te.Si pensava di prendere il Molise invece ciccia. Il PD ha gia cominciato a destabilizzare il M5S solo balenando la possibilità di un'alleanza
2898	0	Porca puttana che odio quando vedo certe chiese piene di scritte e schifezze varie. Alcune sono belle ma sembrano come un muro qualsiasi di un palazzo qualsiasi.Vi spacco giuro.
350	1	Visto? Non vi davo del “puttanone” ma era un complimento super?❤️Chiedeteme scusa pubblicamente ? @MrsBlonde e @sarasoghetta https://t.co/3aLV9lY5x8
3337	0	@AdamSic58 Ma pure quella di quest'anno porca puttana.L'anno scorso quarta l'Atalanta con Petagna/Pinilla, l'anno prima la Fiorentina con Kalinic ecc
3851	0	Ozil che giocatore della lurida ladra vacca troia madonna.
3475	0	Ma porca troia Rino ti voglio bene vi volete levare dalle palle e far segnare il Napoli o no? A che cazzo serve questo pareggio di merda dai mannaggia tutt cos mannaggia #MilanNapoli
1599	1	@l_olivetta ??? culona inchia.... la riscossa ???
2398	0	Ieri ho messo la felpa,20°Oggi una magliettina di merda,10°,ventoMA PORCA PUTTANA
3462	0	MA CHE CAZZO DI PROBLEMI AVETE PORCA PUTTANA?! COME FATE AD ELIMINARMI UNA MERAVIGLIA COME SEPHORA E A TENERE UNA COME VALENTINA CHE SE SA BALLARE BENE LA MACARENA È GIÀ TANTO #Amici17
3325	0	"Sono combattuta tra il porca vacca vieni qua che ti stupro"" e l' ""ommiodio sei talmente carino che mi viene il diabete solo a guardarti"" ?Ditemi che non sono l'unica con sti problemi mentali vi prego ahahaha ?#BTS #Jungkook #ARMY #BTSARMY https://t.co/Vnj3XHvSFs"""
1536	1	@robyeverfree @giuseppeprosp1 Questo è vero,opera della.Merkel sta stronza culona
1953	0	@stanzaselvaggia Lucarelli quando si fa il Giudice si giudica x quello che si fa non x simpatia hai detto ad Akash che ti è antipatico... Ma che cazzo te ne frega a te se ha diversi nomi....ma chissenefrega... Li si è presentato con il vero nome Fate pena
861	1	Tutta da vedere e fottere questa tettona, schizzargli sulle tette a questa porca. https://t.co/6jFUbeALim
3336	0	bitches in milaaaaan #Milan Figa, si fatturaaaaaaaaaa https://t.co/KGEpqQA7a9
788	1	@Lion18290125 @simonemodica3 Mmmmmh che bella tettona
3813	0	già prima zecca trovata sul cane, ma sti cazzo de antiparassitari de che cazzo so fatti? porca troia oh
407	1	culona credo in te quindi ti prego non farmi passare per povero coglione che sta aspettando con tanta ansia della musica scadente ok
3767	0	@Adnkronos È capitato molte volte a Bologna di discutere con lavavetri molto aggressivi. Se vedono una donna al volante iniziano a “pulire” anche se continui a dire di no, potrei dire che è un piccolo stupro.
920	1	Volevo salutare quel puttanone infame della mia ASMR artist preferita che non fa uscire un nuovo video da quasi 2 mesi mentre qua c’è gente che ha bisogno di rilassarsi e dormire. Baldracca maledetta ti prego torna da me.
3323	0	@EmanueleBallini @FabioCapra3 @meb @pdnetwork No. Non tutte le mamme. Tutte quelle che hanno la fortuna di aver mantenuto il lavoro. Quindi di che parliamo? Ah beh certo le mamme disoccupate possono stare a casa a badare ai figli. Peccato che poi non poss
2696	0	Comunque Lazio jn vantaggio non si sa come, ma l’Inter è culona, VA BINI
2754	0	"@fedefederossi Tipo la tua faccia da ora ti stupro"" troppo epica.???? Vi amo fate i bravi❣❣❣?"""
2785	0	@sscnapoli MA NUN SE LI POTEVA FARE LI CAZZI SUA DIARREWARA ? MA PORCA PUTTANA LUI E GALAK !!! LA MIA JUVE DEVE VINCERE LO SCUDO ANCHE QUEST'ANNO E VOI STATE LI A ROMPE LI COJONIIIIIIII !!!!!!!!!
2088	0	PORCA PUTTANA OGGI VEDO HARRYGERIUGJ
2641	0	@AsiaArgento @lauraboldrini Ancora c'è da capire cosa ha tolto il patriarcato ad Asia Argento e a Laura Boldrini. Ma ve bene lo stesso.
1072	1	@curvykatrina @maximus_sophie @bbwloveruk1986 @liltim2017 @SccsMR @bbwcumpumper @Aim2PleaseYou @Big_Boobs_4_Me @bbwcorner2 @fanbigtitsboobs @whootybootypics @thongstile @dwuDwYYtKlwwYam @CMP_4U @big_bOObshot @BigBoobs_Blog Ti sborro in bocca e sulle tette
3308	0	Che poi mi mancano le f(x) porca puttana.Mi mancano davvero tanto maledizione.
2436	0	COSA CRISTO DIO METTETE I GREEN DAI IN SOTTOFONDO CHE IO GIÀ STO PIANGENDO COME UNA MERDA PORCA PUTTANA
1098	1	@Giuliettaxxx84 faccia da troia che ha la signora Giulia https://t.co/Zi9SqpuCFt
1313	1	@TeenSofi Che bella figa ché ai mi piacerebbe leccare tutta amore mio ti scoperei tutta
793	1	Puttanone bolognese life #GF15
3304	0	@trotskystavero @vittoriozucconi Ma Porca Puttana non vorrai paragonare di Maio a Berlinguer cazzo a tutto c'è un limite
508	1	@cjmimun Furba la culona.. è quella che ha espulso i russi ma ne ha voluti altri...
727	1	@Giuliettaxxx84 Bellissima puttanella pompinara, magari fosse mio quel cazzo
1134	1	sta zoccolaspero che gli si chiuda la figa a tal punto da non poter più nè pisciare nè prendere cazzi e neanche far fuoriuscire il ciclo mestruale, cosicchè le ritornerà tutto sopra e le esca dalla bocca e vomiti sangue
813	1	@IO77717080 Io  ti apro puttana https://t.co/vofdY5r0TY
1279	1	"Mi confermate?Dare della TETTONA"" a una donna non è universalmente riconosciuto come uno dei più grandi apprezzamenti che si possano fare, ma, addirittura, può avere una accezione negativa? https://t.co/z0i3VxpQwJ"""
2761	0	porca puttana oramai di milanesi sono rimaste solo le cotolette https://t.co/G2Ir5rxGwR
2212	0	Era vinta sta partita porca puttana..li abbiamo massacrati sti gonzi di merda. Che rabbia.
498	1	Senti amore mio O ti calmiO ti stupro. https://t.co/JDvWCOZX85
1379	1	@graziella_fiore Ora toccherà alla culona ? Speriamo !
441	1	@duzzo1979 Bella tettona.?????
2399	0	Mi tremano le mani dalla rabbia, porca puttana. Ma si puó fare sta vita di merda? Si puó?!
3354	0	RT @NonCeVolevoVeni: Porca puttana ho appena evitato per un pelo una mia ex compagna di scuola e non oso immaginare che conversazione sareb…
333	1	@Danko03894044 sei una magnifica pompinara
811	1	@SelenGhiro Se vuoi ti sbatto anche il mio nel culo troia
1042	1	@sempregeneroso x la vacca musulmana&gt;&gt; egregio baldracca musulmana fetente- questo dovevano fare a te - brutta puttana di merda.
2840	0	Però è proprio bella porca puttana
573	1	Come cazzo fai a parlare con quella puttana di springhao — e tu perché cazzo non ti fai i cazzi tuoi? al contrario tuo lei è una persona per bene. è bella e... https://t.co/dqVg8EdQcK
1167	1	Ho voglia di una bella figa da scopare
3139	0	Tocca la palla ed è rigore. Il capitano protesta ed è rosso. Ma come cazzo si fa a farla così plateale porca puttana. #RealJuve
1249	1	@forza_italia #Berlusconi Bisogna avere un governo autorevole. Quando c'ero io, mettevo i veti sulle decisioni che non ci piacevano, e andava bene sia alla culona inchiavabile che a quell'abbronzato di mister Obama. E andrebbe bene pure oggi, a quel franc
2856	0	LA SECONDA FOTO È UN ENORME PORCA PUTTANA. https://t.co/r5jbUa5FrJ
2260	0	L'errore di Gonalons mi torna in mente quando mi distraggo, come un flash. Che mazzata, porca puttana ragazzi. Incredibile. Conoscevo un giocatore differente, l'opposto di questo qua. Mah
825	1	Alessia, amica tettona scopata nel bagno turco: Alessia la conosco dei tempi del liceo, è una bellissima ragazza molto intelligente che di solito frequenta ragazzi molto più grandi di lei. Altezza media, capelli lunghi neri e mossi, occhi scuri, culetto… https://t.co/WGSZh1OkgW
2005	0	Abito a nemmeno un'ora da Bologna e arriverò tardissimo porca puttana
121	1	@duzzo1979 Mammmm che tettona meravigliosa
1424	1	Perché tu sei una cagna, capito fanculo ragazzo
1691	1	Nella vita:La dai = TROIANon la dai = FIGA DI LEGNOPrendi 30 = L'HAI DATAPrendi 18 = BELLA MA SCEMASorridi = OCASei seria = TE LA TIRI
482	1	Il caos. E lei da puttana lurida ci sguazza.
742	1	@giuliaRLN @AndreaNu_ E figa di legno, in quel caso dirottare immediatamente in falegnameria
1221	1	@casalbosslino Bel culo bella figa
2051	0	sempre a sentirmi dire “sara ha detto” “sara ha ragione” “sara quello” cioè basta. non metterti in mezzo porca puttana, fatti i cazzi tuoi. ha permesso a un’altra persona di mettersi in mezzo, e io questo non lo sopporto
1810	1	@_Francy_Fra_P Che faccia da troia
2879	0	@paolinaB6 @BriatOro Porca puttana
2642	0	Adesso torno al lavoro e accolgo tutti con PORCA PUTTANA CREPATE TUTTI
178	1	@dustinfer @Mariskaxxxxxxx @northestonewall Ti inculo messa così Perchè te lo meriti
571	1	Quanto mi sta sul culo la tettona di bakemonogatari, Madonna non la sopporto e tra l'altro ARARAGI CAZZO SEI UN IDIOTA PORCA MERDA NO IO SONO SCONVOLTA
351	1	@elijahcorb Ti stupro io✋??
244	1	re li lecco tutti poi mi seghi e ti sborro nelle piante mmm https://t.co/qmfMUzbf5t
3116	0	PORCA PUTTANA, vado a mangiare va
2410	0	"Raga ve lo giuro, non è un tweet per vantarmi in stile scè sks parlo così bene inglese senza fatica che non mi rendo conto di parlarlo, quanto sono figa"", è un tweet per dire ""NON SO PIÙ CHE CAZZO DICO E IN CHE LINGUA LO STO DICENDO SEND HELP PLIZ""."""
1386	1	@gasparripdl no no lo diciamo, ride bene chi ride ultimo, ora tocca alla CULONA.
3407	0	@laltrodiego @AntiBaizuo @CasaPoundItalia @a_meluzzi @AntoniniMauro @DavideDiStefan @lauraboldrini Come ti ho già scritto, Asia Argento non ha mica parlato di incontri programmati. Riguardo la tua educazione qualche riserva ce l'avrei
2551	0	ora gia' immagino chi fate andare in panchina dei blu! se non va Biondo mi fate imbestialire porca puttana,,  non mi toccate Lauren Shepora e Irama #amici17
1670	1	STAI ZITTA TROIA https://t.co/Kte7llME1T
2590	0	"sta sera le ho mandato tutte le foto e mi fa alcune foto sono veramente fighe, ma il mio telefono le fa decisamente meglio della tua macchina fotografica""PORCA PUTTANA ok la mia macchina non sarà il massimo ma comunque mi sono impegnata per farle le foto meglio che potevo"""
2225	0	porca puttana mi manca Jonghyun
1771	1	@stanzaselvaggia Facessi parlare le tue tette diresti cose almeno interessanti....sei di uno squallore infinito oltre che essere una  vecchia baldracca
3957	0	@Trouble_Blat Porca puttana *dice riprendendo fiato improvvisamente*
41	1	@sole24ore @carlottaventura @MarcoPatuano @poliziadistato ma li sbocchini pe fatte protegge la troia che sei?
955	1	@LCalcia @ladyrosmarino Eh la culona deve mettere apppposto #deuscheshit e Merdon le aziende francesi alla canna del gasMa il problema siamo noi
2842	0	@LorenzoGar un urto di nervi sia lui che il 4porca puttana quanto non li sopporto più dopo sabato
2902	0	@renydem @MilanNewsit Che poi porca puttana io non capisco...i portieri diventano tutti fenomeni con noi...boo..
472	1	@GSilvia89 @G_Higuain @chiellini @gianluigibuffon @Cristiano ma porca vacca!! Non posso ritwittarti, figa di legno!
2247	0	Ma che cazzo ho in testa porca di quella troia non riesco più a controllarmi
2702	0	Porca puttana per entrare e ripeto entrare in Champions, non basta solo la scarsezza di una rosa tirata su da un ds incompetente, ma anche la iella. Non oso immaginare quando torneremo a lottare per cose più serie...
1470	1	@DiegoFusaro Insieme alla Mummia di noialtri, all'assassina psicopatica al diversamente bianco d'oltreoceano al manichino inglese alla Culona inchiavabbile eccctt!!
109	1	La Culona tedesca è un pericolo per la democrazia ⁉️⁉️⁉️ ??? https://t.co/6CJzUYDAYb
3085	0	#RealJuventus forza porca puttana
3506	0	Giustamente un laziale pensa che Goethe sia quello del Borussia Dortmund, che cazzo ne dovrebbe capì https://t.co/YTHmZ0VM2L
197	1	adesso ritorno himo impiccati troia spears
3079	0	Togli sto stemmaaaaaa che porta sfiga porca puttana @theo__94
937	1	È ufficialmente arrivata la bella stagione. Al battuage è pieno di gente che è uscita a fare il puttanone. (Semi cit.)
3497	0	@PremiumSportHD Certo che sareste da...,Non mettete la vittoria con la lazio che è superiore a Inter e Mlan non mettete la vittoria sulla Roma a Roma mentre nel grone d'andata il furto della vostra amata vecchia culona  e non parlate della vittoria sul Mi
802	1	Patrizia mi fa venire l'orticaria. Se a tira manco avesse la figa d'oroCACCIATELA IL PRIMA POSSIBILE VI IMPLORO #GF15 https://t.co/2Ar4leLQZE
2685	0	SE NE CADUTO IL SAN PAOLO AL GOAL DI DIAWARA PORCA PUTTANA #NapoliChievo
306	1	Tettona esplosiva e vogliosa...la collega perfetta #raccontoerotico https://t.co/X7oQePQXVn
2367	0	@AAxeoh Porca puttana fede ma quando ti svegli
29	1	@Libero_official Grande Laurito. Quindi la Asia Argento ci sta dicendo che quasi tutte quelle che hanno avuto successo, premi, riconoscimenti, sono delle gran puttane? E che lei - non da meno- è offesa perchè oltre ad iniezione di carne non ha avuto altro
3256	0	Non so se mi stanno più sul cazzo quelli che si piazzano in piedi davanti ai posti vuoti, quelli che si piazzano davanti all’ingresso o quelli che non si siedono quando l’autOBUS È STRAPIENO PORCA PUTTANA SIEDITI NON CI STIAMO
3494	0	Liam ci hai fottutamente uccise!PORCA TROIA NON PUOI USCIRTENE CON UNA COSA DEL GENERE DIO SANTO STO IMPAZZENDO CHE CAZZO VUOL DORE IN UN FUTURO VICINO?!?!?! SPIEGATI CAZZO STO DEFINITIVAMENTE ANDANDO FUORI DI TESTA SALVATEMI???#OneDirectionReunion
2816	0	@lauraboldrini @AsiaArgento Praticamente Asia Argento che lavora da anni ha svoltato con la politica
552	1	@LeiLuiCp13 che voglia che ho di sfondarti anche io quel bel culo da troia
1987	0	Siamo nel 2018 e c'è ancora gente che scrive grz, prg, xkè, kè, bgiorno. MA CHE CAZZO MICA LI PAGATE I CARATTERI, PORCA TROIA.
2577	0	Sto una merda Ma veramente di grosso ragà E PORCA PUTTANA VOI NON MERITATE NULLA DA ME PORCA MISERIA
1363	1	"Mi è piaciuto un video di @YouTube: https://t.co/5PouMu98ry Marco Travaglio. La vera storia di Berlusconi e della Culona"""
2421	0	okay porca puttana sono p e l a t a
400	1	@Marco76132606 Vieni qui troia che ti scopo tutta ti apro in due mmmmmmmmmmm
3179	0	@Ale39675318 Porca puttana non mi sono mai cagata così tanto in mano. Il bello è che la strada era visibilissima e non ha nemmeno rallentato.
2982	0	@OfficialASRoma @Florenzi Cerchiamo di andarci pure l'anno prossimo in Champions porca puttana!!!
2609	0	Ma porca puttana , continuate a parlare di cosa fanno, di chi sono, del loro modo di essere e fare, ma cazzo nessuno si è chiesto perchè un 30% di italiani li ha votati!Quando si perde, prima ci si chiede il perchè si è perso poi quali sono i meriti dell’avversario, non le colpe
3537	0	@Cabbot_ Poi va beh il fatto che ancora non riusciamo ad accettare che dalla figa esca sangue una volta al mese e chiamare le mestruazioni con il loro nome e tante altre cose, rende tutto molto skomodo
3212	0	mi viene da piangere per il nervoso porca puttana eva, ma so che posso farcela
2387	0	RT @postadaltevere: Porca puttana, ma come sierrano lo negossio nohodda, quando io iegguè sul benenssuela di Pereimene abbia abondanzia, as…
3490	0	"@kattolikamente @ProVita_Tweet Non possiamo rendere una donna schiava del proprio corpo, vincolare il controllo che ha di se stessa ad una legge limitativa, rendere il suo uterobene demaniale"" ( metaforicamente parlando). Certo, mi piacerebbe che nessuna "
1259	1	@LadyGod59305207 Che belle tette fammi una Spagna che ti sborro in....
3832	0	"@liciniodimichel @AlambraCortez Certo che è senza sesso. Infatti sono stupidi uomini e donne in egual misura.Oggettivamente però l'insulto che fa riferimento alla moralità"" (usato da uomini e donne) è riservato solo alle donne (Non esiste l'insulto ""troio"
1165	1	@SilviaDellai1 ciao, pezzo di figa
1378	1	@bigini_roberto La Merkel....leggere il libro di @FedericoDezzani per capire chi sia la culona...
1383	1	@DiegoFusaro Era quello che rideva assieme alla culona????...
2406	0	Porca puttana io mi ammazzo mi sa che ho perso il bus
1821	1	@duzzo1979 Buona Pasqua anche a te bellissima tettona
3244	0	Segnalatelo sto figlio di una lurida schifosa... https://t.co/wWD0IFfpyP
667	1	RT @mattrw_: @gual89 ESCO A FARE IL PUTTANONE (X5)
1373	1	"@GiuseppePalma78 Ma vi siete chiesti perché la Culona Inchiavabile"" non ha preso posizione..? Hanno quei famosi ""300MMM di ""Ragioni""... per stare zitti..!!"""
1542	1	Governo da Natale a Santu Stefano . Un vibratore per la Culona.Coglioni.....
2453	0	mamma che voglia di fare IL PUTTANONE OUTDOORS SENZA PANTALONI CON TUTTI CHE MI GUARDANO &lt;3
2067	0	ma porca puttana oh vaffanculo
2806	0	Dove porca puttana la trovo la voglia di alzarmi, farmi la doccia, andare a lezione, tornare, preparare una presentazione che non so come fare, lavorare e fare così in loop per tutta la settimana?
3064	0	Mamma mia alex Sandro porca puttana
3115	0	Si ma cazzo SE DAI RIGORE ALLORA ESPELLI BENATIA PORCA PUTTANA
3330	0	Mi rattrista molto essere considerata una figa di legno che se la tira, quando in realtà sono solo super timida :(
2354	0	#The100 5 minuti che conosco Ontari e porca puttana se non muore in due episodi cerco un modo e l’ammazzo io
946	1	@EABBWCollection @ManyVids Piacerebbe anche a me essere curato da questa bellissima infermiera tettona!
1251	1	@meb Ahahahahahah ma vai a fare in culo ebete. Ma cagati in mano e prenditi a schiaffi
1982	0	Di ieri mi ricordo benissimo che le mie due più care amiche mi hanno dato della figa di legno
2105	0	Cronache dall'ascensore.Porca puttana sono bloccata aaaahh https://t.co/k74o9RHYC5
917	1	@luinonsospetta Prima ti leccherei quella bella figa e dopo ti scoperei per ore
342	1	Dalla tettona di pescara trovate latte fresco appena munto e cornetti alla crema https://t.co/zTPgMhoX4L
935	1	@mariangela681 Pompinara per eccellenza la stella di tw
15	1	@pheiticeira @SailorNuzz Hai visto suoi stories ?la tettona
3513	0	PERCHÈ CAZZO HO SCELTO SCIENTIFICO OPZIONE SCIENZE APPLICATE NON POTEVO FARMI ASSUMERE COME BRACCIANTE PORCA TROIA?????
2787	0	@misalvichipuo_ tu sei completamente fuori ahahaah ma che cazzo di video metti, sembro seriamente un ananas e poi con quella camicia sembra che ho il culone daiCOMUNQUE L’HO STIRATA PERFETTAMENTE E NEL VIDEO STA ANCHE PISI (il gatto)
1079	1	@lauraboldrini @FuturaInRete sei una puttana laida collusa con spacciatori e criminali. Quanto soldi prendi dallo spaccio di stupefacenti brutta merdosa succhia cazzi
2648	0	@_MagliaNera_ Sirigu... Porca puttana che non faceva una parata da quando era a palermo... Porca eva ma a me ste cose fanno salire il crimine...
1315	1	Tettona con un tipo molto arrapato ! https://t.co/k8VrRLgDNS
1673	1	Se trump vs con un puttanone è immorale, se killary  ride isteriamente ( gallina quale è ) all omicidio gheddaffi è tutto ok. Lo schifo non ha limite
2007	0	@inhisarvms Che poi hA OSATO DIRE CHE LA FARÀ MEGLIO DI BRIGA. CIOÈ L'HA DETTO DAVVERO PORCA PUTTANA!
241	1	@/Ema è una puttana con le tette grandi mi manchi tanto anche se puzzi#limonayeappreciationday
2374	0	MA STIAMO SCHERZANDO PORCA PUTTANA https://t.co/Kzvh9zdI5W
2870	0	Porca puttana quanto non capite un cazzo di opinioni, social, divieti, libertà di scelta. Veramente concludo che non avete alcuna abilità di comprensione del testo né di contestualizzazione e allora forse non è Twitter il social per voi. Ma nemmeno la vita.
14	1	@SailorNuzz Ah tettona
200	1	@giusydiba Ciao. Ma tettona ossolana che fine a fatto?
1862	0	Porca puttana che paura, ho appena a letto i tweet di una tizia che dice di avere degli spiriti in casa sua e mi sto cagando in mano
481	1	@christiedom8 Che bel culone
3234	0	quando qualcuno fa commenti transfobici su fb e tu sai che non dovresti rispondere che poi arriverà la gente a rompere il cazzo a chiamarti sjw etc etc ma non riesci a stare zitta perchè porca puttana tiro fuori le lame
509	1	"@MediasetTgcom24 Una volta tanto sono d'accordo con la culona"" teutonica!"""
2155	0	PORCA PUTTANA È DAVVERO JOLIN TSAI ANCHE IO VOGLIO INCONTRARE JOLIN TSAI https://t.co/gPe5FKMG1A
3357	0	Mi manchi da morire. Porca puttana quando cazzo torni
