1279.jpg	1	rapita da fondamentalisti islamici, ritorna convertita all'islam è possibile fare il reso?
1691.jpg	0	dicono sia bello il remake di sabrina vita da strega
1331.jpg	0	chi t'ha dato 'sto fumo? dibba dar guatemala.. m'hai convinto..
1454.jpg	1	il governo è servito
1629.jpg	0	matte te la ricordi quella del governeremo per 30 anni?
1379.jpg	1	matteo salvini: la scienza da sola non basta, riapriamo le chiese. media italiani: attenzione, sta per dire qualcosa di stupido
1177.jpg	1	"""te sei cacato sotto eh?"" ""eh, 'n pochetto"""
1198.jpg	1	sto tornando merde
1690.jpg	1	adesso avete rotto il cazzo
1106.jpg	1	il cervello di salvini è così piccolo che, quando due pensieri di incontrano, devono fare manovra.
1599.jpg	0	<< caro vescovo di roma, caro gregorio ix, promuovendo questa scomunica ti sei assunto una grande responsabilità di fronte alla cristianità tutta: hai scagliato codesto anatema avocando a te tutto il potere temporale. questa tua concezione, permettimi di dirlo, mi preoccupa>> federico ii
1624.jpg	0	"12/04/2016 26/08/2019 il signore ha chiamato a sè l'anima buona di piattaforma rousseau (vedova diretta streaming) gli amici e luigi di maio, alessandro di battista, beppe grillo, davide casaleggio, roberto fico, nicola morra, paola tavera, manlio di stefano, i militanti e gli elettori grillini tutti ne piangono la triste scomparsa con immenso dolore ""la perdita subiita è motivo di tristezza per tutti noi. siateci vicini."" le esequie muoveranno domani, alle ore 16:00, dalla chiesa parrocchiale"
1479.jpg	0	parole parole parole parole parole parole parole fatti
1358.jpg	1	coglioni del nord italia
1295.jpg	1	"insomma becco sta tipa, me fa ""me porti a casa?"". allora io ""ao ma che cazzo voi, ma che so tu padre?"""
1079.jpg	1	"""che è successo"" ""me so rotto er cazzo"" leonardo sciascia opere adelphi piazza grande mezzogiorno"
1196.jpg	0	quando mattarella convoca nuove consultazioni per martedì
1117.jpg	0	mica t'avevo riconosciuto vestito
1369.jpg	0	superpartes
1036.jpg	0	"""però 'n po' me manca"" ""ma sai quanti ne trovi mejo de quello?"""
1260.jpg	1	non è il momento delle polemiche siamo in una emergenza. salvini che sfiducia tutto: crisi di governo c*zzo tutti a votare
1332.jpg	1	ha fatto più cose questo governo in un mese che il pd in 5 anni. certo, certo, ora però deve prendere le sue medicine.
1399.jpg	1	"""sei asociale"" ""sei brutto"" salvini non fa schifo. attento a come parli"
1686.jpg	1	tu eri così a 11 settimane. e ora sei qui perchè tua mamma non ti ha abortito
1405.jpg	1	matteo riesci a stare 5 minuti senza umiliarti?
1087.jpg	1	giuseppe conte. salvini e meloni. *quello che semini*
1463.jpg	1	"festa della mamma, salvini: ""auguri a tutte, ma non a genitrici 2"" auguri coglione 1. festa della mamma, salvini: ""niente auguri alle 'genitrici 2'"" auguri coglione 1."
1634.jpg	1	la conosci la mossa kansas city? è quando loro guardano a destra.. e tu vai a puttan
1110.jpg	1	prima gli italiani starter pack. padania is not italy. senti che puzza scappano anche i cani. prima il nord. terroni e nergi stessa merda noi con salvini
1608.jpg	0	oggi sergio farà la sua scelta
1322.jpg	1	..quasta volta lo devo dire, devo fare nome e cognome.. ..matteooo basta stronzatee
1420.jpg	0	basta litigare! prendetevi un suv, c'è posto per tutti. #cercasiscambisti popmove
1068.jpg	0	"**letteralmente tutto l'anno** ""il pd ha intenzione di allearsi col m5s?"" renzi no"
1398.jpg	0	"breaking news mattarella accelera mandato esplorativo a kim jong-un ""è il candidato più preparato"", dichiara breaking news"
1193.jpg	0	matteo te l'ho detto mille volte la mia mamma è più bella della tua.
1313.jpg	1	grazie terroni di merda
1150.jpg	1	"tutti quanti dicono ""salvini razzista"" ""salvini fascista"" ""salvini troglodita"" ma nessuno dice mai come stai salvini ?"
1508.jpg	1	"al posto del premier conte avrei esordito così: ""gentile ministro salvini, lota eri e lora rimani"""
1421.jpg	1	ringrazio #libero per averci informati che carola si è recata in procura senza reggiseno. pregherei tuttavia chi ha scritto l'articolo senza firma di mettersi un paio di mutande in testa perché anche i voglini ostentati fanno un certo ribrezzo! grazie. libero di dire stronzate
1531.jpg	0	ferragosto tranquilli crisi di governo
1491.jpg	1	di maio. conte. salvini. conferenza stampa
1013.jpg	0	erezioni subito
1351.jpg	0	di maio vuole fare il ministro dell'interno !
1585.jpg	0	"""allora semo d'accordo?... famo na settimana pe r'uno"""
1388.jpg	0	guarda co di maio ce so annato solo per capi quanto ce tenevi a me
1426.jpg	0	salvini presenterà la mozione di sfiducia a conte, chiedendo che si voti contro, confermandogli il mandato.
1526.jpg	0	pimpa riceve l'incarico da mattarella franco cosimo panini
1245.jpg	0	game over
1128.jpg	0	è finita matteo, sto più in alto di te
1098.jpg	0	che estate fantastica!
1167.jpg	0	io ad agosto stavo qua a lavorare, tu dov'eri?!
1482.jpg	1	hey, pd knock once if you really are di sinistra
1216.jpg	1	hey ritardata. ritardata? ahhh
1607.jpg	0	crisi di governo conte in senato me sta a faà nero e poi il razzista sarei io
1445.jpg	1	bella raga sto tornando m***
1317.jpg	1	ew, i stepped in shit.
1406.jpg	1	la capacità di parlare non fa di te un essere intelligente
1045.jpg	1	compà, arritiriti ca tieni a capo pe sparte i recchie
1054.jpg	1	"""senti lui', sto nella merda... ti va bene se fai tu il premier e ti offro un aperitivo al papeete?"""
1095.jpg	1	matteo renzi. cazzo mene. ghalì. lunga vita a sto
1348.jpg	1	come sopravvivi senza cervello? prima gli italiani!
1687.jpg	1	passare dal vaffanculo a vendere il culo è un attimo
1010.jpg	0	presidente del consiglio ministro delle infrastrutture e dei trasporti ministro dell'ambiente del territorio e della tutela del mare ministri del turismo
1693.jpg	0	noio voulevon votar
1734.jpg	0	conte usa boato!
1478.jpg	1	let's fight somewhere empty
1578.jpg	0	link ad articoli contro le politiche di salvini postati da grillini
1009.jpg	1	alzati lazzarone e vai a lavorare!
1373.jpg	1	o' sapevo che facevo a cazzata
1075.jpg	1	silvio berlusconi cari italiani, in questo momento difficile per il paese volevo solo ricordarvi che a me piace un sacco la figa.
1555.jpg	0	a me renzi, piace
1647.jpg	1	muovetevi per dio, abbiamo lasciato un'altra volta il cervello di toninelli senza ossigeno
1207.jpg	0	veramente a me salvini me sta qua
1132.jpg	0	argomentazioni ragionate ben formulate condite con dati a sostegno di cio che stai dicendo sinistroide ignorante che ti risponde cantando bella ciao
1521.jpg	1	"""chi non digiuna e non lotta è un gran figlio di una mignotta"" gandhini"
1785.jpg	0	quando senti qualcuno fare citazioni in latino e rimani perplesso
1025.jpg	1	*orban ottiene i pieni poteri dal parlamento ungherese* intanto salvini: ogni italiano dovrà avere 7€
1324.jpg	0	salvini dopo aver preso i propri effetti personali non trova l'uscita del viminale, essendo la prima volta che ci va
1731.jpg	1	presidente del consiglio fucks hard the ministro dell'interno
1636.jpg	1	"quando salvini risponde ad una critica dicendo: ""ma allora secondo lei tutti i milioni di italiani che mi votano sono cretini?"" io:"
1064.jpg	0	quando la politica era una cosa seria
1418.jpg	0	intanto, di nascosto...
1661.jpg	0	ma mò 'o vulisseno da me 'a vermut?
1715.jpg	1	"leghista: ""sei un comunista di merda. salvini è un grande. tu devi solo stare zitto comunista di merda!"" io: ""ora sta' zitto e ascolta, idiota"""
1716.jpg	1	scientificamente provato. fissare questa immagine per 15 secondi fa dimenticare la tabellina del 2
1589.jpg	0	quando il movimento 5 stelle anche se non ha uno straccio di consensi crea un governo alleandosi con i suoi peggior nemici that's how mafia works
1754.jpg	1	situazione di un leghista nei commenti di un post di salvini: everyone is stupid except me
1765.jpg	1	i dei mattei. ok ragazzi vi riporto a casa!!
1383.jpg	0	pnd
1033.jpg	0	sindaco di turno che spiega che lo stadio non è una priorità
1557.jpg	0	- berlino, per ora tutto ok. nessuno mi ha riconosciuto. - prossima chiamata di controllo fra sei ore.
1449.jpg	1	ia intelligenza artificiale. dn deficienza naturale
1541.jpg	1	raccontami di quando gli hai detto che è un coglione
1052.jpg	1	ronaldo 200! passo lascio vaff...
1115.jpg	0	"""sta mano po esse fero o po esse piuma..."""
1457.jpg	1	si mise insieme ad un nazista conosciuto in una rissa
1359.jpg	0	"""ce dovemo fa' co quer conticino?"""
1783.jpg	0	un modo per farmi interessare alla politica? formare il governo garth!
1202.jpg	1	sono tornata presidè che culo i love #governodelcambiamento attenzione, un like alla nostra pagina potrebbe aiutare i poteri forti.
1721.jpg	0	raccolta firme a settembre io la mia voglia di stare in spiaggia a dormire
1219.jpg	0	a me la lista ministri piace. non c'è salvini
1740.jpg	1	*in collegamento con salvini* si ti prego matteo, continua a sparare cazzate
1713.jpg	0	agosto, alleato mio non ti conosco
1006.jpg	1	coglionissimo me
1319.jpg	0	io con la crisi di governo io senza la crisi di governo io con governo tecnico 5stellelegapdcraxi io con nuove elezioni
1631.jpg	0	la metamorfosi
1476.jpg	1	"salvini che bacia il rosaio in aula mentre conte parla. senato, conte: ""non te l'ho mai detto, matteo, non si accostano slogan politici a simboli religiosi"". discorso di conte, culo di salvini"
1361.jpg	1	quando tutti i leghisti si uniscono in un comizio e iniziano a parlare tra di loro. apes together strong
1474.jpg	1	stai sulle mie palle quindi spostati
1542.jpg	0	interististalinisti buongiorno compagni, anzitutto una notizia: quel signore prima che ha fatto cadere il governo è stato già arrestato... perché... siccome abbiamo gli scrutini controllati abbiam, stiamo mandando, abbiamo mandata la stasi a casa di questo signore che è stato arrestato quindi dovrà rendere conto adesso di quello che ha fatto, provare... documentare. vabbè, intanto adesso è in galera, poi ne parliamo... quindi state molto attenti eh, vi avverto, con le mozioni di sfiducia. qui tutti gli scrutini sono controllati, per cui immediatamente scatta un controllo con la stasi, che arriva a casa e vi arresta. [comintern per per la #crisidigoverno, 11 agosto
1700.jpg	1	ceci n'est pas salvini
1204.jpg	0	"quando lui, orgogliosamente, ti presenta usando il termine ""compagno"" e non quello di ""amico"""
1381.jpg	0	tana per giuseppi il gioco delle poltrone
1753.jpg	0	sta arrivando il cambiamento andiamo a governare
1063.jpg	0	politici italiani sui social: politici italiani nella vita reale:
1153.jpg	1	liberateci stocazzo
1792.jpg	0	ahi ahi ahi ahi, ma giuri che tra un po' te ne andrai, ahi ahi ahi ahi, alla fine però non lo fai mai
1281.jpg	0	il presidente mattarella accoglie la delegazione della lega
1269.jpg	1	hei sei sveglia? lasciami dormire ho sonno. la lega ha avuto il 24% alle europee. siamo nella merda
1525.jpg	0	italia, 4 settembre 2019 un disoccupato attente l'apertura di un centro per l'impiego, nella speranza di ottenere almeno il reddito di cittadinanza.
1727.jpg	0	e vvinisti a mani vacanti? ti purtai na spasa i bbocconcini 'i villa arangea
1248.jpg	0	la vignetta di ynot scacco matto?
1395.jpg	1	quando conte dà le dimissioni e c'è una nuova crisi di governo oh merda, ci risiamo
1775.jpg	1	è proprio il pirla perfetto!
1659.jpg	1	bye-bye! quando è risaputo che hai dei grossi problemi mentali ma ci tieni a confermarlo
1139.jpg	1	a noi gabbiani de roma ce piace rovista' nella monnezza non nella mmerda!
1529.jpg	1	piuttosto che diventare un (fascista) ministro dell'interno che non va alle commemorazioni del 25 aprile, meglio essere un maiale
1602.jpg	0	l'uomo deve stabilirsi su marte o su un altro pianeta a tutti i costi. la sorte del genere umano dipende da questo. se non diventeremo una specie multiplaneraria prima o poi ci estingueremo a causa di una catastrofe. o della lega. elon musk
1422.jpg	1	e tien pur e' corn
1735.jpg	1	chi nasconde un ebreo è contro il popolo tedesco. chi aiuta un immigrato è contro il popolo italiano
1582.jpg	0	oggi parleremo del bipolarismo di chi oggi vuole la crisi di governo e domani non la vuole più
1549.jpg	0	quando sei un ironico ministro dell'interno e fai cadere i 5s proprio a san lorenzo
1677.jpg	1	wish you were here
1097.jpg	1	aspettate, sta per dire qualcosa di stupido
1142.jpg	0	maalox
1467.jpg	1	dopo la mano della regina elisabetta, anche l'italia ha deciso di dotarsi di un premier finto solo per salutare la gente
1184.jpg	0	elettori m5s si deciderà se fare il governo col pd sulla piattaforma privata rousseau that's perfect!
1781.jpg	1	sempre presente in televisione sempre assente al parlamento europeo 18 mile euro di stipendio al mese corruzione e mazzette su appalti e grandi opere parassita ... e vieni a farti le vacanze a scrocco in sicilia per parlare di immigrazione
1315.jpg	0	che màl e càp
1022.jpg	1	matteo, ci hai fatto cadere quattro anni prima? ci ha fatto cadere quattro anni prima giuse? ma non lo so io chiedilo a lui! mi sta troppo sulle palle chiederlo a lui!
1234.jpg	1	legaioli! andate tutti quanti affanculo!
1307.jpg	1	quando finisci la carta igienica ma in qualche modo devi pulirti il culo
1084.jpg	0	noi gungan con cinco stele ha intesa me maxi gioia
1566.jpg	0	"retromarcia sulla tav decreto sicurezza bis regalare il governo a salvini ""abbiamo abolito la povertà, danilo!"""
1328.jpg	0	quando dopo i decreti sicurezza contro gli immigrati fai cadere il governo ma scopri che lukaku è belga e ci va lo stesso da conte
1364.jpg	1	sì dividiamo 'sta merda al 5% deve arrivare
1062.jpg	1	siamo il baluardo della cristianità! lasciami... lasciami... che gli devo menare!
1701.jpg	0	era un anno bellissimo!
1181.jpg	0	"taglio dei parlamentari e poi subito al voto? la mossa di salvini è ""inconciliabile"" con la carta e mattarella aveva già avvertito i partiti edgeworth you are not a clown. you are the entire circus."
1670.jpg	0	siccome gl'ha piu tempo libero, gl'ho invitaho sarvini a desinare, poi si spippolerà l'rosario stante la crisi di governo, e la conseguente perdita del dicastero conferitoli, ho invitato l'onorevole salvini per pranzo a casa mia e pensavo, successivamente, di recitare insieme a lui il santo rosario, essendo ambedue estremamente devoti e osservanti.
1481.jpg	0	ultimo tentativo di salvini per convincere di maio. lo vuoi un palloncino giallo-verde?
1447.jpg	1	lo sai chi ti saluta? no. chi?
1174.jpg	1	una rara immagine di di maio che esordisce agli esteri
1484.jpg	1	luigi di maio vieni avanti cretino regia beppe grillo con alessandro di battista e paola taverna
1761.jpg	0	di maio contro salvini di maio contro zingaretti
1452.jpg	1	pimples? zero. blackheads? zero. cromosomi? zero
1264.jpg	1	italia, 18 maggio 2019. un pullman in evidente ritardo.
1222.jpg	1	io sono un fascista di merda. intervista allo specchio. prefazione di un lecchino qualunque. io sono un fascista di merda - interista a capo all'ingiu'
1212.jpg	1	presidente del consiglio fucks hard salvini and meloni
1367.jpg	1	man, woman, white, black, poor, rich, asian, le pagine pro lega
1143.jpg	0	la vera crisi è se non mi ridanno il posto di bibitaro al san paolo
1023.jpg	1	berlusconi? a tatuarsi i peli pubici. renzi? a lezioni private d'inglese. di maio? incazzato sui social
1574.jpg	1	anche a me diceva di durare 5 anni
1065.jpg	1	only big black cock
1689.jpg	0	all hail bibbiano!
1318.jpg	1	guarda non ti prendo a calci nel culo solo perché potrebbe piacerti
1587.jpg	1	"salvini: ""venite qui, ecco un video del 2015 che dimostra che i cinesi stavano sperimentando un super coronavirus sui pipistrelli"". io che controllo il post: il mio radar rivela un'alta concentrazione di ritardati"
1699.jpg	1	"tav, toninelli non si dimette e rilancia: ""ho fatto un lavoro immenso, fermarmi sarebbe una follia"" ""qui dento me sò apputnato tutto quello c'ho fatto"" ""sicuro he oggi ha preso le pillole sì?"""
1788.jpg	1	pornhub livecams scopa adesso live sex premium metteo slavini è bagnato a 2 barconi da te!! rimuovi gli annunci neri italiane repubblica ceca informazione hentai celebrità
1169.jpg	0	quando c'era lui
1370.jpg	0	salsiccia o hamburger? sto in crisi
1606.jpg	1	a volte mi faccio schifo da solo
1497.jpg	0	i 5 stelle al governo con salvini salvini fascisti italiani 5 stelle
1385.jpg	0	amo'...iscriviti e fai iscrivere tutta la tua famiglia sulla piattaforma rousseau
1007.jpg	1	salvini e trump ci mostrano le dimensioni dei loro micropeni
1774.jpg	0	squadra di governo fatta, nasce il governo angelico breaking news piero angela premier. alberto angela e alessandro barbero ministri
1546.jpg	1	quando qualcuno è contro i matrimoni gay e tu pensi che cazzo gliene fregherà a lui
1797.jpg	1	mamma diceva sempre: la vita è come una dichiarazione di toninelli, non sai mai quello che ti capita
1271.jpg	0	non sono politici professionisti: sono presi dalla strada
1496.jpg	0	oggi si vota su rousseau
1730.jpg	1	se so' messi d'accordo. che vor di? che te la pii nder culo!
1798.jpg	1	"renzi pronto a lanciare azione civile. ingroia: ""ma quella è la mia sigla"" ""guarda che me sa che 'azione civile' già esiste"" ""volemo fa 'zingaretti suca'?"""
1665.jpg	0	pensionato preme per sbaglio un banner sulla piattaforma rousseau e si ritrova ministro dell'economia
1466.jpg	0	di maio avvia le interlocuzioni, ma poi gli si spegne l'auto al bivio fra lega e pd.
1471.jpg	1	"""ma cu minchia è russò?"""
1628.jpg	0	mia moglie mi chiama al telefono prontooooooooooo è cambiato tutto ah no spe ho sbagliato comico
1290.jpg	1	pd partito democratico 
1662.jpg	1	studente di scienze politiche esami di settembre che se non li passi sei qualificabile allo stadio di merda umana crisi di governo e maratone mentana multiple studente di scienze politiche che bestemmia leggi sopra che è lungo da riscrivere e sta iniziando la maratona
1092.jpg	0	teni, beddu r'u nonnu. cu' sti 5€ va' 'ccattiti nu ggilateddu
1284.jpg	0	"film: cane e gatto italia/usa: 1983 genere:commedia è la storia di un ""playboy"" e ""ladruncolo da strapazzo"", che viene ""ridimensionato drasticamente"" da un uomo per bene."
1031.jpg	1	buonasera! sono massimo d'alema! pasca' vir' a chist' ca nun vo' pava' o' cunt!
1648.jpg	0	una breve sintesi del 20.08.2019
1108.jpg	1	ti prego,ripetilo ancora. salvini merda
1277.jpg	1	quando vai al colloquio con i professori e sai già che a casa saranno c*zzi tuoi
1514.jpg	0	riprendiamoci la nostra italia ci stai? fichi fichi con meee
1179.jpg	0	matteo matteo che rimprovera matteo. matteo confuso nel vedere matteo che rimprovera matteo.
1003.jpg	1	sono scemo. io di più. scemo & più scemo
1127.jpg	0	problems stress pain io maratona mentana
1336.jpg	0	dopo attente ed accurate verifiche la direzione nazionale del pd ha deliberato che di maio può partecipare all'azione di governo ... come vice-spalatore di cacca di animali circensi
1341.jpg	0	movimento il blog delle stalle
1540.jpg	-1	basta, mi avete rotto tutti le palle. affido il governo a palpatine e darth vader
1568.jpg	-1	una cazzata al giorno leva il movimento 5 stelle di torno
1273.jpg	-1	figure di merda. bufale e sciacallaggio. perfettamente bilanciato. come tutto dovrebbe essere
1741.jpg	-1	breve promemoria per i grillini smemorati vi ci siete alleati voi a governo c'eravate sempre voi i poteri forti che vi remano contro... beh siete ancora voi
1211.jpg	-1	minchia! adesso chi lo dice a casalino che si è giocato il ferragosto anche quest'anno?
1050.jpg	-1	tutte le mattine ti chiedo consiglio. però poi fai come cazxo ti pare
1259.jpg	-1	no agli sbarchi di teste di cazzo!
1450.jpg	-1	"""mattè sa staffa e mi che andò"""
1043.jpg	-1	italiano 46 anni cerco finanziatore per macchina di fango se puoi condividi #legarublona
1488.jpg	-1	cuperlo, la sinistra e le scimmie
1472.jpg	-1	stranger things 2
1795.jpg	-1	quando sei contro salvini e devi tornare a votare: i can't. not again. i'm not....strong enough.
1465.jpg	-1	beach tour cancellato e crisi di governo. salvini è come quel collega che va in ferie a giugno e poi ad agosto ti manda sei mail al giorno. #opinionismi
1650.jpg	-1	"trovata opera inedita di modigliani intitolata ""coglioncino a collo alto"""
1519.jpg	-1	"italia, 1967. ""dai diamanti non nasce niente, dal letame nascono i fior"" il poeta fabrizio de andrè scrive i versi della canzone ""via dal campo"""
1393.jpg	-1	"quando questa foto ti ricorda il film ""quasi amici"" però il bianco non ha un handicap motorio ma mentale"
1254.jpg	-1	"salvini io ti amo, ti amo, ti amo, ti amo, ti amo, ti amo, ti amo, ti amo, ti amo, ti amo, ti amo, ti amo... chi è che rompe er cazzo a st'ora de notte... ma che ""ami"" ao'! ma chi cazzo sei?! cambia spacciatore ao'!!!"
1333.jpg	-1	elezioni trash caffettuccio gratis per tutti alle 17:00 i tribunali saranno sostituiti da live - non è la d'urso tasse al 22% tranne per i fratelli rodriguez karina cascella ministro della giustizia barbara d'urso
1773.jpg	-1	the awesome adventures of captain spirit mattarella
1158.jpg	-1	ehi! tu bifolco e tu ducetta da fiera... smettete di fare gli idioti!
1124.jpg	-1	pezzi dimmerda
1737.jpg	-1	je voj ancora bene... dai, su!? si!
1032.jpg	-1	il contagio in lombardia lo abbiamo contenuto bene ce l'ho piccolo sono vergine odio la figa
1696.jpg	-1	stara sicuramente pensando ad un'altra
1138.jpg	-1	this is unfair our avvocato difensore degli italiani is a conte. it's not fair, you have no rights, and he's not a lawyer. we just keep him here because he's fun. look at him go!
1180.jpg	-1	governo pd - m5s 100% in olio d'ulivo
1164.jpg	-1	impariamo a riconoscerli: virus, batteri, parassiti
1291.jpg	-1	che figura di merda
1066.jpg	-1	3 parole 18 lettere dille e sarò tua mario draghi premier
1104.jpg	-1	piddinacci schifosi piddinacci ahahahahahah piddinacci ahahahahahahahahah
1434.jpg	-1	piueuropaconmatteosalvini lezioni di diritto costituzionale a giorgia meloni 45 hanno firmato. arriviamo a 100.
1244.jpg	-1	io non ho ucciso il tuo governo io sono il tuo governo!!! nooooo però... dai... potrebbi chiedere a russò?
1217.jpg	-1	te potrebbe interessà un posto da amministratore de condominio?
1698.jpg	-1	e 'n ve sta mai bene 'n cazzo però!
1477.jpg	-1	oh hey john! speak of the devil! did somebody speak of me??? n-no massimo, it's just a figure of speech... oh. y'know, i get lonely fuori dal parlamento
1213.jpg	-1	tutto a posto! go go
1786.jpg	-1	discovering something that doesn't exist governo italiano
1257.jpg	-1	matteo hai rotto il cazzo co sto sacro cuore di maria
1049.jpg	-1	jocker o due-facce? le pagliacciate portano l'italia in recessione 8 agosto inutile andare avanti, si restituisca la parola agli elettori 15 agosto non ho mai detto di voler staccare le spina al governo gd giovani democratici chieri noi non ci stiamo!
1782.jpg	-1	5 giorni e poi li manno tutti affanculo
1707.jpg	-1	la bocca si apre in fretta… il cervello ha fatto tardi…
1061.jpg	-1	intitolata a salvini in questo ministero lavorò matteo salvini capitano di sventura 15 agosto 2019 la sala giochi del viminale
1270.jpg	-1	"""ma ti prego, se non ti dispiace, per amore del tuo povero e vecchio papà, tieni il porto aperto di dieci centimetri."""
1440.jpg	-1	quando i telegiornali trattano di politica e senti che c'è l'ipotesi di un governo giallorosso
1051.jpg	-1	salvini: ritiro la sfiducia conte: pijatela nel culo
1342.jpg	-1	voglio pieni poteri!
1567.jpg	-1	uno viene mantenuto da noi italiani e dovrebbe tornarsene a casa sua, é un violento ed arretraro. l'altro è un ragazzo di colore
1417.jpg	-1	il governo del fallimento è stato un anno disastroso
1113.jpg	-1	salvini 5 stelle pd
1116.jpg	-1	"...e poi gli ho detto: ""mattè, finché c'è figa c'è speranza, stai sereno"""
1005.jpg	-1	"piattaforma rousseau quesito: ""non è forse vero che non volete che il movimento 5 stelle non appoggi il governo conte insieme a un partito fondato il 14 ottobre 2007? o no?"" sono d'accordo non sono in disaccordo fettine panate!"
1503.jpg	-1	#maradonamentana
1356.jpg	-1	lega nord. lega lize. perchè la lega è come la sega... un movimento del cazzo
1340.jpg	-1	la vendetta dei parrucchiere
1684.jpg	-1	inconsapevoli addormentati. cov-id 19/id 20. tracciare i postivi per il controllo globale? non è salvini
1255.jpg	-1	affogare i bambini in mare con la lega fare l' elettroshock ai bambini con il pd
1583.jpg	-1	lagarde stai zitta porcamadonna
1082.jpg	-1	ehi, blatta. perchè esci solo di notte? per non vedere la tua faccia di m####!
1646.jpg	-1	conversazioni tra ministri degli esteri. di maio. gli altri ministri europei
1027.jpg	-1	ferie estive maratona televisiva enrico mentana
1227.jpg	-1	devo fare nomi è cognomi, matteo salvini e giorgia meloni l'interprete
1391.jpg	-1	a proprio posto. ogni regina sul suo trono e ogni pagliaccio nel suo circo
1462.jpg	-1	architrash vs fight!
1178.jpg	-1	metti la sfiducia togli la sfiducia
1576.jpg	-1	facci cognoscer lo tuo pensier: qual est lo miglior avvenire per lo paese? a allo voto subito, b alleanza/accrocchio di scopo fra inimici, c governo del presidente, d invasione dei lanzichenecchi con pestilenza al seguito
1240.jpg	-1	viaggiatore nel tempo: in che anno siamo? io: 2019, siamo nel pieno della crisi di governo viaggiatore: ah, prima che venga fatto un governo pd-m5s con fico presidente del consiglio che verrà ricordato come il governo peggiore del 21° secolo io:
1004.jpg	-1	"beppe grillo (2017) genova, 21 luglio 1948 politico e comico italiano comico di ""altissima"" caratura, predica una politica ""purissima"", legge primo levi e sogna un'italia ""levissima"""
1612.jpg	-1	se dovesse andar male col pd proveremo con i testimoni di geova
1723.jpg	-1	-facciamo il governo giallorosso? però stavolta totti capitano
1431.jpg	-1	signora, questo è il posto riservato agli invalidi. io sono calabrese e sto andando a pontida. mi scusi, faccia buon viaggio
1205.jpg	-1	che bel pappagallo. che bel pappagallo. sei un coglione. sei un coglione. salvini è il mio capitano. sei un coglione
1185.jpg	-1	cacca nera
1404.jpg	-1	md movimento democratico
1760.jpg	-1	sbrigate cancella tutti i tweet contro er pd
1073.jpg	-1	un mattarello per domarli, un mattarello per trovarli
1310.jpg	-1	idea regalo per natale. premi il pancino e lui spara una cazzata. a soli 80,00€
1733.jpg	-1	il fumo causa ictus e disabilità
1655.jpg	-1	the end
1623.jpg	-1	giovanni, non facciamo di nuovo figure di merda eh, intesi?
1225.jpg	-1	"dudù didì when you realize that ""di maio - salvini"" is the anagram of ""anima di silvio"""
1096.jpg	-1	salvini giura sul vangelo. certo che fa sempre impressinoe vedere un leghista con un libro in mano.
1306.jpg	-1	come cagare in testa ai leghisti in sole 10 lezioni
1630.jpg	-1	miciomocio a superquark lotta per la sopravvivenza, predatori e prede, guardati bene le spalle... sembra palazzo chigi!
1710.jpg	-1	il suo super discorso che lo riempe di merda. salvini che voleva solo andare in parlamento a sentire le dimissioni di conte
1015.jpg	-1	la lega a roma? cacamoje in testa! gabbiani de roma
1154.jpg	-1	quando la mamma ti sgrida e sai che ha ragione
1756.jpg	-1	non mollo! presto! scappa! stanno arrivando i giudici! ho mollato... ...mi son cagato addosso...
1565.jpg	-1	salvini chiede la testa di toninelli e di maio non la trova.
1038.jpg	-1	ed ora parliamo del ritardo mentale di quelli  che lo chiamano il mio capitano
1553.jpg	-1	quando hai paura del coronavirus e ti dicono di indossare la mascherina... ma tu sei salvini e come al solito non hai capito un cazzo.
1296.jpg	-1	signori, è stato un piacere governare con voi
1480.jpg	-1	o famo strano?
1226.jpg	-1	biiiiiissssssss!!!
1538.jpg	-1	dichiaro di aver letto e accettato i termini e le condizioni. dichiaro di aver letto e accettato l'informativa sul trattamento dei dati personali. dichiaro di essere maggiorenne. ma sìì..sticazzi!
1140.jpg	-1	costituente delle idee una, o nessuno, firma la petizione.
1262.jpg	-1	governo 5 stelle-pd ecco il primo disegno di legge
1464.jpg	-1	crisi di governo: salvini un attimo prima e un attimo dopo
1389.jpg	-1	di maio fregna thanks to political power san paolo stadium di maio fregna thanks to political power
1580.jpg	-1	siamo davanti a un burrone
1276.jpg	-1	come 'n sai se vieni? crisi de che? #leperleditrump crisi di governo ... sti giorni non mi posso muovere!
1486.jpg	-1	male, female, white, black, rich, poor, gay, straight, salvini non mollare!1
1046.jpg	-1	avrò un governo tutto mio salvini con la meloni e squillo di lusso (berlusconi)
1287.jpg	-1	parola d'ordine, agente dana scully? #salvinisuca perfetto, può passare.
1770.jpg	-1	giggino, la mia non è propria fame di potere è più voglia di un governo tecnico su cui scaricare i nostri disastri e ottenere ancora più potere
1712.jpg	-1	non sono professionisti, sono presi dalla strada
1598.jpg	-1	fingerà di essere diventata nazionalista, nel frattempo importerà denaro dall'estero e sottrarrà soldi pubblici distraendo la gente con nemici immaginari, diamo il benvenuto a padania
1137.jpg	-1	renzi zingaretti di maio conte salvini
1236.jpg	-1	male, female, white, black, rich, poor, gay, straight, elettore medio di salvini
1668.jpg	-1	dietro ogni grande uomo.. c'è una grande donna
1109.jpg	-1	"donald j. trump starting to look good for the highly respected prime minister of the italian republic, giuseppi conte. represented italy powerfully at the c.7. loves his country greatly & works well with the usa. a verytalented man who will hopefully remain prime minister! ""dice che j'amo sbajato er nome ner tweet... te risurta?"" ""vabbè ma è uguale"""
1771.jpg	-1	presidente? cosa vuoi, alternativo dei miei coglioni che quando io ascoltavo i dead kennedys tu nemmeno ti facevi le pippe
1748.jpg	-1	per essere un democristiano sergio sai fare centro cazzo
1056.jpg	-1	governo 5s+pd elezioni anticipate mattarella imperatore
1653.jpg	-1	bella pisè! ho ritrovato 'a sfera der drago che m'aveva regalato mi nonno goku! svorta!
1720.jpg	-1	integrazioni porti chiusi blocco navale
1779.jpg	-1	per cos'e' che mi volevi portare davanti ai giudici, più?
1637.jpg	-1	salvini quando ha annunciato la crisi di governo alleanza m5s-pd discorso di conte democrazia parlamentare
1790.jpg	-1	e così abbiamo pensato, facciamo un bel progetto alla crisi di governo un grande libro, un grande regista e un film in cui ce se capisce e nun ce se capisce. io non c'ho capito un cazzo.
1233.jpg	-1	game of polthrones
1345.jpg	-1	addio! quando non la smetti di di cazzate
1120.jpg	-1	i 10 punti per il pd
1252.jpg	-1	aggiornamento in tempo reale della crisi di governo
1263.jpg	-1	la crisi di governo
1136.jpg	-1	conte: docente universitario conte: durante il governo giallo verde conte: quando è venuto a sapere della crisi di governo conte: con il discorso sulla crisi di governo conte: alla nomina di mattarella
1246.jpg	-1	ragazzi, per allearci con il pd serve una svolta politica seria. gianluca, metti like sotto i post di emiliano scinicariello! laura, comprati un tailleur fucsia come pina rosato! giorni complicati per i cinque stelle...
1408.jpg	-1	"sea watch, salvini contro i giudici: ""mi vergogno per loro, sentenza politica e vergognosa"" senti padania hai rotto i coglioni! vuoi fare il giudice? fai il concorso!"
1083.jpg	-1	io te l'avevo detto de venì con me a cracovia! te presento agnieszka! cia siergio! passata tua crisi? cioè... questi me pijano pure pe' 'r culo!
1789.jpg	-1	rollingstone noi non stiamo con salvinimmerda da adesso chi tace è complice
1435.jpg	-1	e se cade er governo? ma anche sti cazzi! ormai c'ho 'n curriculum da paura!
1719.jpg	-1	non autorizzo nessuno a scendere. basta con le cazzate
1564.jpg	-1	san cazzaro da milano
1021.jpg	-1	-sto partito non se scioje co' un par de vaffanculo
1544.jpg	-1	quando ti chiedono perché è caduto il governo
1232.jpg	-1	"""che è successo?"" ""me so rotto er cazzo"" abbiamo restituito la legislatura sabaudia beach pil, conte: ""il 2019 sarà bellissimo, per l'italia ripresa incredibile"" il premier in un'intervista a ""povera patria"": ""con salvini e di maio nessuna divergenza"""
1168.jpg	-1	quando incontri salvini e sai che è indagato. magari lo arrestano e ce lo leviamo dalle palle!
1736.jpg	-1	senato della repubblica 20 agosto 2019
1008.jpg	-1	$fera €bbasta fanculo, papà matteo! fascio dimmerda! ciuccarosari! ti odio! me ne vado da questa casa del cazzo!
1632.jpg	-1	te ne vai fuori dai coglioni da solo o devo chiamare i corazzieri?
1028.jpg	-1	ecco il nuovo governo
1680.jpg	-1	legalo bene
1415.jpg	-1	io con la crisi di governo io senza la crisi di governo io con governo tecnico io con nuove elezioni
1592.jpg	-1	pirla
1703.jpg	-1	il governo è finito! andate affanculo!
1199.jpg	-1	male, female, white, black, rich, poor, gay, straight, sto al fianco del tabaccaio e al cuore immacolato di maria
1755.jpg	-1	aumento iva 2020 italia close-up
1321.jpg	-1	lovely i wish i was the actual prime minister of italy is is done. poof nothing's changed. correct.
1569.jpg	-1	serial things ok signori, chiudiamola alla cazzo di cane. do l'incarico a bran
1490.jpg	-1	se fai un governo coi 5 stelle per carità non toccare la tav!
1517.jpg	-1	il vero fallimento non sono io, sono i vostri meme di merda. normie del cazzo
1551.jpg	-1	suca salvini rosica
1194.jpg	-1	types of headaches migraine hypertension stress following italian government crisis
1501.jpg	-1	pronto renzi... ciao tonino, volevi dirmi di essere ottimista? no... ti volevo mandare a fare in culo pure io!!!
1243.jpg	-1	"l'italia finalmente avrà un governo con i ""coglioni"""
1059.jpg	-1	"""e vabbè dai... se semo fatti na passeggiata"""
1161.jpg	-1	tagliamo subito i parlamentari e poi andiamo al voto cosi rimaniamo qui per almeno altri 5 anni
1282.jpg	-1	il governo entra in crisi. 5 secondi di penalità per vettel
1427.jpg	-1	si fermi presidente è già morto
1218.jpg	-1	"governo, la mezza marcia indietro di salvini ""dialogo con m5s il mio telefono è sempre acceso"" si è cagato sotto il caghetta"
1726.jpg	-1	da capitano a sergente il passo è breve...
1430.jpg	-1	giuseppe conte 14 mesi di governo 20 agosto
1210.jpg	-1	oh yeah baby! dimmi che cosa desideri! parlami come se tu fossi un amante idiota! chiudiamo i porti! questo è perfetto!
1507.jpg	-1	salmo: razzisti che ascoltano hip hop qualcosa non torna. salvini: io non sono razzista ma gli immigrati bastardi non devono venire nel mio paese. salmo: excuse me what the fuck
1614.jpg	-1	lega salvini e tienilo legato
1303.jpg	-1	"""ma che elezioni che ogni volta votate a cazzo"""
1192.jpg	-1	ore 16: rifarei tutto ore 20: ritiro la sfiducia
1037.jpg	-1	quando sei talmente inutile che per avere visibilità devi denigrare il prossimo
1673.jpg	-1	coglionavirus
1751.jpg	-1	cerco un compagno che non mi dia buca per la prossima uscita. chi c'è? io ah, non ci sono rifugi sul percorso. sempre io alpinisti in erba
1088.jpg	-1	quando fa caldo, c'è afa, fail il wod e stai per morire... ma puoi sempre contare sul tuo amico al box
1363.jpg	-1	governo soluzione
1163.jpg	-1	@milanonobile carlo hebdo
1750.jpg	-1	sò contento c'hai capito che scherzavo l'altra vorta
1652.jpg	-1	governo conte ii renzi fiducia
1535.jpg	-1	"""panini acqua minerale cocaaa"""
1622.jpg	-1	giuseppi! come here, giuseppi!
1561.jpg	-1	salvi'..... ti ho riconosciuto
1344.jpg	-1	gli italiani vogliono...erezioni subito!!!
1660.jpg	-1	artist's shit
1412.jpg	-1	the vice of italy
1438.jpg	-1	"i have a dream. l'anagramma di ""dream"" è ""merda"". una coincidenza? io non credo"
1768.jpg	-1	"quando sei al parchetto e un ragazzino si mette a dire viva salvini e viva la lega. ""ti faccio esplodere la mamma"""
1604.jpg	-1	sarvini gl'ha fatto come quello che si taglio' i'pisello pe' fa' dispetto alla su moglie! sfiduciando il governo, con una mossa politicamente ardita, il leader della lega nord non ha calcolato bene le conseguenze
1220.jpg	-1	piattaforma russò
1654.jpg	-1	ma per caso sei gay? no perché? ti ho visto parlare con un gay ... non sono neanche ritardato eppure sto parlando con te!
1635.jpg	-1	finalmente un governo con i coglioni
1229.jpg	-1	quando chiedi i pieni poteri ma l'unico che ti viene concesso è quello del cristallo di luna
1186.jpg	-1	lega e fratelli d'italia chiedono elezioni subito mattarella
1470.jpg	-1	renzi dice che zingaretti ha ricevuto un mandato forte! e noi immaginiamo dove
1352.jpg	-1	devi dimetterti da ministro degli interni! luigi, sto iniziando a pensare che salvini non sia quel ministro brillante come credevamo
1040.jpg	-1	oh oh! non dirmelo, è caduto il governo vero? già ed è il momento delle consultazioni come sempre e andiamo...
1489.jpg	-1	space x: le sorprendenti immagini del manichino alla guida della prima auto lanciata nello spazio
1724.jpg	-1	quando hai rinunciato alle ferie perché giuseppe, matteo e luigi dovevano salire al colle ma non vedi arrivare nessuno @carpenoctem_pnd a disgraziati fiji de na mign*tta, andò ca**o state?
1375.jpg	-1	nella foto un nugolo di mosche irresistibilmente attratte
1326.jpg	-1	la signora in rousseau
1487.jpg	-1	prendilo! provalo per 30 giorni… se non ti piace puoi tornare a votare m5s.
1762.jpg	-1	quando sei mattarella e ti dicono se vuioi tornare al voto. akuna matatta ragazzi e bentornati dal vostro cicciogaymer89, siamo tornati su un nuovo meme che vi andrò a spiegare. quindi cappio al collo e lezzego! ma prima di tutto: come fossero i calciatori senza den- no sto scherzando quello lo dice mio fratello! allora riprendendo questo meme in mano e parliamone. praticamente cuesto meme parla di attarela che sta per sciegliere tra dare il voto ai italiani o lasciare il governo in mano ai comunisti. tanto lo sappiamo che sceglie i comunisti ed è per questo che gli farridere al presidente. ci vediamo in un prossimo video di fortnite e comprate la mia guida di fortnite che diventate forti come ningia.
1611.jpg	-1	"then matteo renzi @matteorenzi la mia risposta a chi vuole fare accordi con i cinque stelle ""per difendere insieme certi valori"". perché io sono contrario a questo accordo #senzadime now: i've never met this man in my life."
1600.jpg	-1	"""comunque sentimose... anche pe na pizza"""
1133.jpg	-1	buona sera amiciche fate io mi mangio il fegato
1371.jpg	-1	ctrl alt canc
1759.jpg	-1	nell'incertezza dovrai stare finchè un governo tecnico non compare
1423.jpg	-1	mo do le dimissioni poi t'aspetto fori
1111.jpg	-1	vladimir, ti interessa l'affare immigrati? ascolta culona, non stai parlando con quel coglione di renzi!
1283.jpg	-1	prima l'europa! prima gli italiani. prima il nord! fanculo tutti! prima io!
1159.jpg	-1	hey tu, si dico proprio a te. sei ignorante? ritardato? analfabeta? la lega cerca gente come te!
1509.jpg	-1	"""ma cu ti fici fari..."" ""lui', mi manciassi a lingua"""
1645.jpg	-1	il rappresentante che me le ha mandate assicurandomi che fossero buonissime io che leggo le dispense che mi hanno mandato accorgendomi che sono almeno di 6 anni fa
1678.jpg	-1	"politica di maio promette: ""in continuità con un anno bellissimo, faremo un governo fico""."
1584.jpg	-1	what the fuck is pd doing? his best
1256.jpg	-1	e dai, rispondi ho fatto una cazzata torniamo come prima ancora quell'altro ?! basta la frittata è fatta, oh
1016.jpg	-1	alexa spegni il governo
1615.jpg	-1	che cucciolo. si chiama matteo salvini. posso accarezzarlo? certo, abbaia soltanto
1597.jpg	-1	"quando stai ascoltando ""bella ciao"" ma poi un tuo amico dice ""ma cos'è sta merda?"""
1057.jpg	-1	ciao piccolo, la vuoi la barchetta? cose a caso.org salvini
1706.jpg	-1	"""guarda che hai sbajato numero"""
1048.jpg	-1	con l'aiuto del sacro cuore imm... ebbasta!!!
1311.jpg	-1	quando mancavano pochi giorni alla fine della scuola e dovevi recuperare dopo aver cazzeggiato tutto l'anno
1002.jpg	-1	i politicanti italici non vedono l'ora di andar alle urne? accontentiamoli! pira et fascine li offriamo noi!
1746.jpg	-1	stop strumentalizzazione religiosa di salvini mattarella apre consultazioni ad altre divinità v for volt
1265.jpg	-1	@capitan.salvino ora che mi avete aperto i porti, vado a chiudere i laghi, i fiumi e pure le pozzanghere!!
1305.jpg	-1	io che aspetto che arrivino le 15 per vedere la fine del governo
1175.jpg	-1	quando sei comunista e senti berlusca dichiarare che il governo pd/m5s è di destra sinistra
1769.jpg	-1	brazzers
1325.jpg	-1	teen, mature, anal, blowjob, cumshots, masturbate, voyeur, big tits, vintage, webcam, big butt, young/old
1443.jpg	-1	diciotti diciotti diciotti diciotti diciotti diciotti diciotti diciotti diciotti diciotti diciotti diciotti scusi, ma perché llei dice sempre diciotti? eccone n altro che nse fa licazzi sua, diciannovi!
1644.jpg	-1	movimento 5 stelle che vuole allearsi con il pd voti a loro favore che si dimezzano
1505.jpg	-1	quando l'italia crede che ti sia tirato indietro per il bene della nazione ma in realtà lo fai solo perchè non sai dire imbicciment
1757.jpg	-1	"""chiudi maria"" #lepiubellefrasidiosho"
1522.jpg	-1	potrebbe succedere anche a te, usa il preservativo
1191.jpg	-1	no, niente. mi spiace, è vuoto
1461.jpg	-1	pd boom! movimento boom
1353.jpg	-1	io so cosa hai fatto e so in che maniera rubi i voti alla gente onesta. quindi stai attento matteo, io tornerò... e piangerai lacrime amare.
1777.jpg	-1	a chi tocca che non mi ricordo?
1530.jpg	-1	elezioni
1078.jpg	-1	quando compri matteo salvini su wish @memesusalvini
1155.jpg	-1	quando sei in calo nei sondaggi e decidi di tagliarti la barba e fai capire a tutti che l'espressione faccia da culo non è solo in senso figurato, ma anche in senso letterale
1390.jpg	-1	io tifo conte
1189.jpg	-1	pd: la decisione da prendere è dentro di te! ed è... sbajata!
1309.jpg	-1	mattarella reagisce all'ipotesi di un ulteriore governo lega-5 stelle
1135.jpg	-1	"un raro esemplare di matteo salvini sul luogo di lavoro, con le fotografie dei santi e della propria figlia (""lasciamo fuori i figli dalla politica!"") rivolte verso l'esterno, verso l'obiettivo della fotocamera. deve trattarsi di un'usanza padana."
1237.jpg	-1	che poi a me questo russo' mi è sempre stato sul cazzo
1147.jpg	-1	il mes... hai rotto il cazzo!!
1425.jpg	-1	quando ti interroghi su chi abbia fatto affogare tutti i tuoi pacchetti. udp, io
1020.jpg	-1	quando non vuoi tornare alle urne e nessun partito riesce a trovare un accordo per governare e quindi decidi di dare un ultimatum di 5 giorni a tutti i'm gonna do what's called a pro-gamer move.
1725.jpg	-1	giuse guarda che hai sbagliato appunti
1763.jpg	-1	quando augusto fu imperatore di mezzo mondo per 41 anni e ir governo lega-5stelle dura 14 mesi chiaramente un popolo inferiore
1123.jpg	-1	molti nemici molto stronzo
1380.jpg	-1	quando perdi il posto al viminale, ma sei ancora in tempo per andare a fare la chiusura della stagione ad ibiza
1667.jpg	-1	tranquillo, un giorno anche tu ti evolverai
1682.jpg	-1	il vostro nuovo presidente del consiglio sarà... sarà sarà
1288.jpg	-1	salvini vaffanculo
1172.jpg	-1	#error!
1316.jpg	-1	ritonnerò!
1401.jpg	-1	... dicono che abbiamo un deficit...? prima o poi dovevano accorgersene!
1550.jpg	-1	tranquilli, l'ho fatto castrare
1414.jpg	-1	riassunto: stiamo lavorando, portate pazienza, giorgia e matteo avete rotto il cazzo.
1523.jpg	-1	italian man fucks the governo and eats 5 kg of pane e nutella (porn food hot video)
1014.jpg	-1	ma quindi fate il governo coi grillini? sorridi e guarda in camera valà, non farmici pensare
1709.jpg	-1	diagnosi: un governo così, tu no lo reggi cura: scaricala! te ne vai... piano piano...
1129.jpg	-1	gamba di legno. braccio di ferro. testa di minchia
1162.jpg	-1	"""allora avete trovato un accordo?"" ""si presidè, però prima dobbiamo votare su rousseau"" breaking news mattarella scappa in messico la fuga nella notte: ""questi incapaci mi hanno rotto il ca**o"""
1742.jpg	-1	e infine caro matteo, la cosa più grave è che dobbiamo aspettare venerdì per mangiare la pizza della daniela!
1448.jpg	-1	e allora il pepeete?
1638.jpg	-1	per il cuore immacolato di mari-- mammt'
1377.jpg	-1	sagre e selfie figure di merda felpe bacioni nutella pieni poteri processi non affrontati rosari promesse non mantenute
1633.jpg	-1	durante la più matta crisi della storia della repubblica uno è in ferie l'altro la racconta
1286.jpg	-1	ah shit, here we go again
1397.jpg	-1	affidati al cuore immacolato della vergine maria e pentiti. ma vaffanculo va.
1176.jpg	-1	reo con fesso
1160.jpg	-1	house of cacacards
1337.jpg	-1	lei: starà pensando ad un'altra. lui: ma se salvini dice di essere innocente sui fondi russi perché cazzo non riferisce in parlamento?!
1266.jpg	-1	"""con le interferenze sui ministri hai minato l'azione di governo. in coincidenza dei più importanti consigli europei non sei riuscito a contenere la foga comunicativa creando un controcanto politico che ha generato confusione"". per farla breve, si un ciessu!"
1070.jpg	-1	quando ti stai appartando con una tipa e fai capire con pacatezza al tuo amico di andarsene
1300.jpg	-1	pirla
1601.jpg	-1	rousseau: la piattaforma è a prova di hacker per il 112% degli iscritti
1017.jpg	-1	tranquilli, voterà per l'immunità
1200.jpg	-1	quando fai un meme che critica il capitano e i leghisti si offendono
1080.jpg	-1	scarso sharing denunce il ritorno di adrian qualsiasi meme crisi di governo
1669.jpg	-1	big dick is back in town
1182.jpg	-1	4 cose inutili:
1675.jpg	-1	all'epoca ero alleato con la lega...
1250.jpg	-1	cosa fa il cuore: porta il sangue ricco di ossigeno al cervello. cosa fa un rene: porta le scorie del metabolismo alla vescica. cosa fanno i coglioni: pensano che il problema del nostro paese sia l'immigrazione clandestina
1588.jpg	-1	sono li da oltre 20 anni solo disastri per il paese anno 2011 lo spread a 528 gli italiani ricordano che monti e fornero sono arrivati perché il governo pdl-lega ci aveva portato sull'orlo del baratro?
1429.jpg	-1	io con la crisi di governo io senza la crisi di governo io con governo tecnico io con le nuove elezioni
1547.jpg	-1	si dichiara omofobo. se lo fa buttare in c*lo due volte dalla stessa persona
1215.jpg	-1	cos'è questa storia che non mi danno la pistole perché sono un pistola?
1562.jpg	-1	boris johnson smette per un attimo di fare minch*at. inglesi: stonks pagina di meme. not stonks
1190.jpg	-1	tra qualche anno… ridiamo per non piangere chi fece cadere il primo governo conte nell'agosto 2019? a massimo d'alema b una buccia di banana c il gabibbo d matteo salvini
1103.jpg	-1	merdaccia
1743.jpg	-1	di maio, salvini
1794.jpg	-1	dedicato a tutti i comunisti
1778.jpg	-1	camera dei deputati ti vuoi mettere con me sì no
1676.jpg	-1	"""scusi, lei spaccia?"" ""a spaccimm e chitemmuort!"""
1641.jpg	-1	dadaumpa #lepiubellefrasidiosho
1683.jpg	-1	"""guarda che me sa che 'azione civile' già esiste"" ""volemo fa 'zingaretti chi' ?"""
1424.jpg	-1	nonna dove vai? a montecitorio...
1718.jpg	-1	conte 2 la vendetta
1679.jpg	-1	come puoi soravvivere senza cervello? grazie al cuore immacolato di maria che mi dà la forza.
1767.jpg	-1	"mi hanno consigliato di andare a ""sa cardiga de su calloni"", dicono che si mangia benissimo."
1268.jpg	-1	*salvini fa cadere il governo salvini: perché cavalchi un cavallo in quel modo? non è un cavallo! #three.somia è un unicornoooooo
1518.jpg	-1	fico premier? attaccatevi al tram...
1793.jpg	-1	"+: cosa diresti a salvini? -: ""c cantass pur a conzuncell"" 'ce ricess: 'chella granda fessa sguarrat 'è mammt"""
1362.jpg	-1	...il governo per me... lega/5stelle crisi di governo pd/5stelle forza italia
1275.jpg	-1	a casa con i suoi per lasciare il nido, alcuni uomini hanno bisogno di una piccola spinta
1416.jpg	-1	"d'espresso li abbiamo cronometrati: è tutto vero il discorso della fine del governo è durato più del governo stesso. conte: ""potevo dire dracarys, ma ho preferito non sprecare risorse"" renzi: ""per governare ci vuole maturità. e poi salvini ce l'ha piccolo"" di maio: ""se io avrei fatto il presidente avesse andato meglio"""
1439.jpg	-1	quando sento dire che salvini vorrebbe abolire sia la scuola media che le vacanze estive: a te che non ti fai mai i cazzi tuoi. io ti odio!!!!!!!!
1403.jpg	-1	andrà tutto bene ma salvini suca
1596.jpg	-1	"salvini invoca la piazza: ""tutti a roma contro il governo del conte-monti"""
1651.jpg	-1	"m5s e pd: ""ci affidiamo al cuore immacolato di maria elena"""
1563.jpg	-1	"preparatevi, sta per dire qualcosa di stupido. ""la scienza da cola non basta, occorre riaprire le chiese"""
1145.jpg	-1	"quando ho chiesto un ""toscano"" mi riferivo a un sigaro non ad un cazzaro. renzi sbarca a cuba"
1745.jpg	-1	repubblica dei cachi
1041.jpg	-1	quando vai ad un comizio di salvini e ti ritrovi in mezzo a dei cinquantenni con la terza media è proprio una caratteristica particolare di questo luogo
1787.jpg	-1	pieni poteri? ma chi cazzo sei? non ti allargare belina mia beata vergine maria dolce e immacolata, perché mi tratti così male?
1355.jpg	-1	a noi piace di più vederti a testa in giu'
1125.jpg	-1	"""amma fa l'alleanza!"" ""primm' sentimm che dice russò"""
1329.jpg	-1	maalox! ultim'ora crisi, conferenza stampa di salvini
1749.jpg	-1	#primalepoltrone
1089.jpg	-1	"""quando smetterò di fare politica tornerò al mio vecchio mestiere""."
1543.jpg	-1	ok gli italiani mi hanno dato pieni poteri
1076.jpg	-1	"""la crisi va risolta in tempi brevi. senza una maggioranza solida la strada è quella del voto ma è una strada che non va percorsa con leggerezza"" che poi è un modo carino per dire ""m'usciau u cazzu"""
1532.jpg	-1	mostro a 3 o 4 teste
1419.jpg	-1	cast it into the fire. destroy it! no.
1228.jpg	-1	l'ho già scritto salvini merda oggi? sì, l'ho già scritto.
1506.jpg	-1	il governo giallo-verde cade* il giallo che vede il rosso:
1559.jpg	-1	ruspe in azione
1527.jpg	-1	per il governo, dobbiamo prima consultare la piattaforma rouss... zacca stradoni
1572.jpg	-1	ho dato la mia disponibilità al presidente mattarella per formare un governo di pilu
1347.jpg	-1	"""5 euro. due canne, dai"""
1396.jpg	-1	60 milioni stocazzo. salvini razzista di merda brindisi non ti vuole
1130.jpg	-1	roma, via del nazareno, 26 agosto 2019. un zingarettiano e un renziano trovano l'intesa sul programma di governo da presentare al movimento 5 stelle.
1126.jpg	-1	quando senti conte cazziare in diretta salvini e la meloni
1099.jpg	-1	"""che fai stavolta, te fermi 'n po' de più!?"" ""e che te devo di'... co i regazzini appresso è sempre 'n casino!"""
1093.jpg	-1	1 sergio mattarella 2 sergio mattarella 3 sergio mattarella 4 sergio mattarella 5 sergio mattarella 6 sergio mattarella 7 sergio mattarella 8 sergio mattarella 9 sergio mattarella 10 sergio mattarella
1183.jpg	-1	molti si fanno abbindolare, sia dalla meloni che da salvini co sta cosa che tutti gli altri sono attaccati alle poltrone tranne loro. la meloni la manteniamo noi dal 1998, salvini dal 1993. la loro non è una poltrona. è un divano-letto ormai. #wakeup
1323.jpg	-1	pensi sia giusto studiare c senza puntatori? si no
1386.jpg	-1	ma almeno hai chiavato al papeete?
1122.jpg	-1	non c'hai capito niente, eh? te lo rifaccio se vuoi
1230.jpg	-1	e la luna rousseau
1413.jpg	-1	ma primm i fa u scem ...che m'stier faciv...?
1346.jpg	-1	fra coglioni...
1579.jpg	-1	"matthew salvini tinyluis dimayo il nome della lega credevamo nel dio po ma poi rubarono un bel po' ""un terribile periodo storico, segnato dalla corruzione e dall'ignoranza, una storia vincente, per fatti ormai lontani""."
1119.jpg	-1	ambrogio la mia non è proprio fame... è più voglia di riproporre un passato glorioso mai esistito buttandomi in politica interpretando il ruolo eteronormativo e maschilista della donna sovranista inconsapevole del fatto che le mie ambizioni non saranno soddisfatte e finire a fare la paraspifferi sovranista del futuro governo salvini.
1034.jpg	-1	salvini finalmente incontra lo stronzo che ha fatto cadere il governo ad agosto
1208.jpg	-1	hai preso un sacco di like con i meme, non rompere i coglioni
1456.jpg	-1	disastri naturali eruzioni incendi tsunami tornado alluvioni frane tormente siccità valanghe grandinate nuovo governo italiano terremoti *popcorn popping* v for volt
1148.jpg	-1	prove di alleanza
1407.jpg	-1	end world hunger. end world poverty. incarcerare salvini
1334.jpg	-1	no it doesn't affect my baby. 12 years later
1247.jpg	-1	end world hunger. end world poverty. end salvini's life
1537.jpg	-1	"man woman white black poor rich asian ""parlateci di bibbiano"""
1378.jpg	-1	hit maniac
1292.jpg	-1	falò di confronto immediato temptation island
1335.jpg	-1	quando ai colloqui il prof che ti portava sulle palle iniziava a sputtanarti davanti a tuo padre
1060.jpg	-1	italiano informato che mi ripete quali potrebbero essere gli effetti della crisi di governo io che seguo la faccenda solo per fare meme.
1747.jpg	-1	quando trovi qualcuno che odia le stesse persone che odi tu.
1242.jpg	-1	io solo qui alle quattro del mattino l'angoscia e un po' di vino voglia di bestemmiare
1613.jpg	-1	te la do io la tav beppe grillo
1299.jpg	-1	non vorrei fare il rompi coglioni ma ci sarebbe quella cosa dei rubli da restituire!
1681.jpg	-1	il problema vero del pd e che non ce n'è uno di voi che pensi la stessa cosa vero che cazzo dici ? probabilmente non penso proprio è quello che dico io
1343.jpg	-1	waiting for mattarella. fasten seat belt while seated life vest under your seat
1513.jpg	-1	for really big mistakes. sinistra cazzate libertà
1603.jpg	-1	uff! meno male, pensavo dicesse il negro con la divisa da poliziotto. ora so chi è stato, il colpevole è merdone salvini!
1000.jpg	-1	quando ti chiedono se sia peggiore fratelli d'italia o la lega: la merda è merda
1533.jpg	-1	eh? puppa
1272.jpg	-1	dopo il bianco conte, la parola all'augusto salvini.
1149.jpg	-1	m- ma... sta per dire la sua prima parola! mattarella è un comunista, prima gli italiani!1!!
1498.jpg	-1	quando tutti parlano di crisi di governo ma tu sei in ferie e non te ne fotte un cazzo
1744.jpg	-1	ora vediamo chi c'è dietro il complotto per fare il ribaltone m5s-pd
1702.jpg	-1	la guerra che nessuno vuole inspired by true events fernando farina
1102.jpg	-1	il quiz di oggi. trova le differenze
1376.jpg	-1	il fumo causa ictus e disabilità
1267.jpg	-1	...e allora il pd
1223.jpg	-1	non è proprio fame è più voglia di governo tecnico
1512.jpg	-1	il pd rappresentala vecchia politica il pd ruba il pd è attaccato alle poltrone ed ai vitalizi non ci si può fidare del pd il pd fa gli interessi delle banche mai col partito di bibbiano stiamo lavorando ad un governo con il pd
1657.jpg	-1	quando si apre la crisi di governo e la possibilità che salvini diventi premier ma tu sai che potrai fare un'altra maratona
1764.jpg	-1	ma se batman va a puttane mountain lion scopa le bat-tone?
1141.jpg	-1	italia corruzione precarietà fissa debito pubblico scuole senza fondi grandi opere inutili unione europea
1766.jpg	-1	"""the lannisters send their regards"" *the rains of castamere starts playing in the background"""
1511.jpg	-1	non puoi stare 5 secondi senza umiliarti? quanto tempo è passato?
1197.jpg	-1	dra-culo
1035.jpg	-1	comunque, se volete, vengo io a governare in italia... a me qui è lungo il fatto!
1485.jpg	-1	nun me fate incazzà! ridete che ce guardano!!
1151.jpg	-1	coniglio, granchio, cane, gallo, lumaca, scoiattolo, coccodrillo, colomba, toro, alce, elefante, salvini
1071.jpg	-1	nonna! hanno fatto er governo che vordi...? che te la piji n'der culo!
1528.jpg	-1	giovedì 29 agosto il presidente della repubblica. preso atto della crisi delle istituzioni repubblicane, si proclama imperatore galattico
1500.jpg	-1	arrivederci, dammi la mano e sorridi senza piangere. arrivederci. per una volta ancora è bello fingere. abbiamo fatto un governo, quasi per gioco, ed ora fingiam di lasciarci, soltanto per poco.
1131.jpg	-1	italy parental advisory eman rus
1796.jpg	-1	man woman white black poor rich asian non ci vogliono far votare
1663.jpg	-1	ultim'ora clamoroso. conte si dimette ancor prima dell'inizio del campionato. turismo-viaggiare sicuri
1780.jpg	-1	"vice premier get fucket in tv ""it was my first time, but it was not that bad"" his first words"
1301.jpg	-1	guarda che io a mi padre gli ho già sputato in faccia. attento piddino che nun ce metto niente! a me piddino?
1671.jpg	-1	proseguono le consultazioni ricevuti zingaretti
1069.jpg	-1	...però arriva il momento in cui dici: abbasta!
1571.jpg	-1	"io: ""dico solo che cercare di risolvere il problema dell'immigrazione chiudendo i porti non serve a molto"". destra: ""eccolo! il piccolo comunista bastardo!"""
1094.jpg	-1	"""canà, tagliamo i parlamentari!"" ""...fra 5 anni""."
1297.jpg	-1	"""ammazza oh, così sur cazzo te stavo?"""
1739.jpg	-1	si chiama gabinetto, è pieno di stronzi.. ma non c'è modo di tirare lo sciacquone
1460.jpg	-1	mi fotto gli immigrati ogni sabato
1320.jpg	-1	da questo momento in avanti, sulla carta igienica fabbricata in questo nobile regno ci sarà... la tua immagine!
1293.jpg	-1	si, io voto salvini. s-tupide zecche. a-nnate a morì. l-egalizza sto ca'. v-iva gli italiani. i-forza capitano. n-ammazziamo i ne*. i-vivo ancora con mamma
1231.jpg	-1	righeira lo stato sta finendo
1586.jpg	-1	quando sei un immigrato che scappa dalla povertà e decidi di venire a cercare ricchezza in italia so you have chosen...death
1280.jpg	-1	caga slavini strunzier
1304.jpg	-1	"corriere della sera mezz'ora di colloquio al quirinale, conte si è dimesso: ""no a giravolte, mi assumo il coraggio che manca a salvini"" te avrai tirato fori er rosario ma io ho tirato fuori le palle"""
1118.jpg	-1	ma porco di
1350.jpg	-1	quando fai il presepe e sbagli la misura dell'asino
1609.jpg	-1	oggi parleremo di come matteo salvini si è inculato da solo mediante un sofisticato sistema di specchi e leve
1409.jpg	-1	"""e finisce così una stretta di mano un sorriso distratto, ah"
1100.jpg	-1	beato te da che nun ce capisci 'n cazzo
1455.jpg	-1	quando sali tutto convinto sulla tua ruspa per asfaltare i campi rom ma poi è conte che asfalta te
1274.jpg	-1	co la sinistra manco le pippe vengono bene
1298.jpg	-1	quando ti chiamano capitano e hai abbandonato la nave proprio nel momento di maggior bisogno
1493.jpg	-1	salvini, europa. state pronti, sta per fare qualcosa di stupido
1714.jpg	-1	italian crisis
1400.jpg	-1	ma fateme capi il segretario so io o renzi eeehhh che paroloni
1039.jpg	-1	me: salvini merda. leghista: e allora renzi... me: renzi merda. leghista:
1235.jpg	-1	lo stolto guarda il dito. tu sei il potere, vuoi essere assolto o condannato?
1239.jpg	-1	se aumenta l'iva e vuoi sapere perché #citofonarelega
1573.jpg	-1	tra un punto e l'altro di nole cadono almeno 5 governi italiani chiamarsi roger
1554.jpg	-1	cos'era? un topo di fogna? ah...no, salvini.
1776.jpg	-1	salvini carabiniere. salvini poliziotto. salvini blocca i porti. salvini visita le armerie del nord. salvini va a casa di putin. salvini capitano. salvini
1278.jpg	-1	clandestino
1238.jpg	-1	"""signor salvini mi parli del nervo trigemino"" oh merda se parlo di quello mi sputtano, parlo di altro tanto nessuno se ne accorge"
1152.jpg	-1	mi avete preso per un cogl***e? no, sei un eroe!
1436.jpg	-1	"""che posso parla' da l' banco?"""
1249.jpg	-1	"obran: ""vietato il cambio di sesso"". tranquillo, non diverrai mai una testa di fica."
1374.jpg	-1	crisi di governo, aumento dell'iva, non arrivo a fine mese... vabbè, domani l'empoli ha la prima gara ufficiale...
1312.jpg	-1	"quando il prof ti dice ""ci vediamo al prossimo appello"""
1384.jpg	-1	conte è salito al colle, per presentare a mattarella il nuovo modello di governo balneare, grazie al quale tutti i ministri sopravvivono, galleggiando.
1437.jpg	-1	amore è finito activia e come faccio? accendi la tv... c'è renzi sulla rai. fa cagare lo stesso, anzi.. di piu'
1558.jpg	-1	"continuavano a chiamarlo… ""governo delle nullità"""
1308.jpg	-1	ipotesi prima donna a palazzo chigi. la madonna appunto
1459.jpg	-1	per meriti umanitari è stato proposto come prossimo papa col nome di... pio perculo
1570.jpg	-1	quando tutti sono indignati per la crisi di governo ma a te non frega un cazzo perché al covo è arrivata la koral di hammer
1055.jpg	-1	se in questo momento così delicato tu me facessi un tweet de sostegno me daresti 'n po' d'ossigeno! vabè vabè lascia er nome alla segretaria... vedo quello che posso fa! donald j. trump starting to look good for the highly respected prime minister of the italian republic, giuseppi conte. represented italy powerfully at the c.7. loves his country greatly & works well with the usa. a verytalented man who will hopefully remain prime minister!
1495.jpg	-1	sciacallo
1042.jpg	-1	mi scusi signora questo posto è riservato ai disabili. sono comunista. scusi il disturbo, buon viaggio
1548.jpg	-1	quando ritorni dal papeete e le suggerisci un trattamento rinforzante da imperial beauty
1468.jpg	-1	dopo la zecca spagnola il prossimo colpo sarà alla banca d'italia
